发布日期,招标状态,网站链接,省份,城市,附加,关键词,标题,招标公告
2025-05-07,招标,https://www.zbytb.com/s-zb-57353245.html,陕西,咸阳市,资质: 劳务派遣经营许可证,"劳务派遣,劳务,医疗保障,监督检查,基金监管",天津市医疗保障基金监督检查所医疗保障基金监管创新中心2025-2026年劳务派遣项目招标公告,一、项目基本情况 项目编号：BHJ 项目名称：医疗保障基金监管创新中心2025-2026年劳务派遣项目 预算金额：154.34万元 最高限价：154.34万元 采购需求：包号是否设置最高限价预算（万元）最高限价（万元）采购目录采购需求第1包否154.34154.34其他服务本项目为医疗保障基金监管创新中心2025-2026年劳务派遣，详见项目需求书合同履行期限：自合同签订之日起一年。 本项目不接受联合体参与 ，本项目不接受进口产品二、申请人的资格要求： 1.满足《中华人民共和国政府采购法》第二十二条规定； 2.落实政府采购政策需满足的资格要求：（1）本项目专门面向小微企业采购，根据财政部发布的《政府采购促进中小企业发展管理办法》财库[2020]46号）、《财政部关于进一步加大政府采购支持中小企业力度的通知》（财库[2022]19号）规定，参加政府采购活动的小微企业应当如实填写《中小企业声明函》，标明本企业规模。小微企业划分请参照《工业和信息化部、国家统计局、国家发展和改革委员会、财政部关于印发中小企业划型标准规定的通知》（工信部联企业〔2011〕300号）。未提供《中小企业声明函》的将不予以认定。（2）根据财政部、司法部发布的《关于政府采购支持监狱企业发展有关问题的通知》（财库〔2014〕68号）规定，对监狱企业视同小型、微型企业，享受预留份额的政府采购政策。同时监狱企业技术标中须提供由省级以上监狱管理局、戒毒管理局（含新疆生产建设兵团）出具的属于监狱企业的证明文件，未提供的将不予以认定。注：小微企业以投标人填写的《中小企业声明函》为判定标准，监狱企业须投标人提供由省级以上监狱管理局、戒毒管理局(含新疆生产建设兵团)出具的属于监狱企业的证明文件，否则不予认定。（3）根据财政部、民政部、中国残疾人联合会联合发布的《关于促进残疾人就业政府采购政策的通知》（财库〔2017〕141号）规定，在政府采购活动中，残疾人福利性单位视同小型、微型企业，享受预留份额的政府采购政策。即残疾人福利性单位提供本单位制造的货物，或者提供其他残疾人福利性单位制造的货物（不包括使用非残疾人福利性单位注册商标的货物）。残疾人福利性单位属于小型、微型企业的，不重复享受政策。符合条件的残疾人福利性单位在参加政府采购活动时，应当提供《残疾人福利性单位声明函》，并对声明的真实性负责。未提供《残疾人福利性单位声明函》的将不予以认定。（4）涉及商品包装或快递包装的，按照《财政部办公厅、生态环境部办公厅、国家邮政局办公室关于印发<商品包装政府采购需求标准（试行）>、<快递包装政府采购需求标准（试行）>的通知》（财办库〔2020〕123号）要求执行。 本项目专门面向小型、微型企业采购； 3.本项目的特定资格要求：（1）本项目专门面向小微企业采购，须提供所属企业类型《中小企业声明函》或《残疾人福利性单位声明函》或由省级以上监狱管理局、戒毒管理局（含新疆生产建设兵团）出具的属于监狱企业的证明文件；（2）具有独立承担民事责任能力，提供相关证件；（有效期内的营业执照或事业单位法人证书或民办非企业单位登记证书或社会团体法人登记证书或基金会法人登记证书或自然人的身份证明）（3）具有相关行政主管部门核发的在有效期内的《劳务派遣经营许可证》；（4）有依法纳税的良好记录，须提供2025年至少1个月的依法纳税的相关证明材料；（依法免缴的，应提供依法免缴的相关证明文件；新成立的投标人按实际的缴纳情况递交相关证明）（5）有依法缴纳社会保障资金的良好记录，须提供2025年至少1个月的依法缴纳社会保险费的相关证明材料；（依法免缴的，应提供依法免缴的相关证明文件；新成立的投标人按实际的缴纳情况递交相关证明）（6）具有良好的商业信誉和健全的财务会计制度，须提供2023年度或2024年度经第三方会计师事务所审计的企业财务报告或开标及投标截止时间的前6个月内银行出具的资信证明；（7）投标截止日前三年参加政府采购活动，在经营活动中没有重大违法记录。提供书面声明函；（截至开标日成立不足3年的投标人可提供自成立以来无重大违法记录的书面声明）（8）本项目不接受联合体投标。三、获取招标文件 时间：2025年05月07日到 2025年05月14日，每天上午08:30至12:00，下午13:30至16:00（北京时间，法定节假日除外）
2025-05-07,招标,https://www.zbytb.com/s-zb-57350018.html,陕西,咸阳市,陕西 » 咸阳市,"窗帘,陕西彬长,厂前区,彬长,厂前",陕西彬长文家坡发电有限公司厂前区窗帘采购项目招标公告,1. 招标条件本招标项目陕西彬长文家坡发电有限公司厂前区窗帘采购项目，资金为企业自筹，项目已具备招标条件，招标人为陕西彬长矿业集团有限公司。受陕西彬长矿业集团有限公司的委托，现对该项目进行国内公开招标。2.项目概况、招标范围及招标编号2.1项目名称：陕西彬长文家坡发电有限公司厂前区窗帘采购项目2.2项目地点：陕西省咸阳市彬州市2.3招标范围：厂前区新建办公楼、宿舍、篮球场、餐厅等区域窗帘，需购入一批窗帘，包括手动双层布艺帘3200平方米、双层拉珠卷帘580平方米、电动卷帘366平方米、电动双层布艺帘390平方米等共计8种，共计4981平方米。（详见招标文件第五章技术规范书）。2.4交货期：合同签订后20天2.5招标编号：0863.投标人资格要求3.1资质要求：（1）投标人须是中华人民共和国境内注册的独立法人资格或其他组织，具有有效的营业执照，并具有与本招标项目相应的供货及服务能力；（2）法定代表人为同一人或者存在控股、管理关系的不同单位，不得同时参加投标。（3）投标人须为窗帘生产厂家，不接受代理商投标。（4）投标人提供项目负责人在其单位连续六个月缴纳社会保障资金的相关材料3.2业绩要求：投标人须提供2022年01月01日至投标截止日窗帘采购业绩3份，其中最少有一份合同清单中主要产品双层卷帘不小于500平方米或手动双层布艺帘不小于3000平方米，合同扫描件须至少包含:合同买卖双方盖章页、合同签订日期、合同内容、项目服务厂家、交付清单等关键信息。3.3信誉要求：（1）未在“信用中国”网站中列入失信被执行人名单，提供有效证明资料（网页截图）。（2）不得列入陕煤集团“供应（合作）商黑名单”且在公布期内（以投标人加盖公章的承诺书为准）3.4其他要求：（1）本项目不接受联合体投标。4.招标文件的获取4.1获取时间：2025年5月8日08时30分到2025年5月14日17时30分（北京时间，下同）。
2025-05-07,招标,https://www.zbytb.com/s-zb-57349670.html,陕西,咸阳市,陕西 » 咸阳市,"垃圾外运,绿化,道路绿化,五建",广西建工五建集团有限公司+华西分公司+秦皇北路道路绿化项目+垃圾外运任务招标公告,一、 招标单位广西建工第五建筑工程集团有限公司二、工程概况工程地点:陕西省咸阳市秦皇北路工程造价:3690057.06建筑规模:现场垃圾外运三、招标日程安排1、招标截止时间：2525年5月6日至2025年5月8日。2、招标答疑时间：2025年5月8日。四、招标内容及范围分包名称工程范围备注垃圾外运现场垃圾外运注明：1、投标人自行踏勘现场，任何因忽视或误解工地情况而导致的索赔或工期延长申请将不被批准。2、上列范围招标方有权根据所承接任务量进行调整。
2025-05-07,招标,https://www.zbytb.com/s-zb-57350021.html,陕西,咸阳市,陕西 » 咸阳市,"厨房设备,陕西彬长,厂前区,彬长,厂前",陕西彬长文家坡发电有限公司厂前区厨房设备及餐厅物资采购项目招标公告,2.项目概况、招标范围及招标编号2.1项目名称：陕西彬长文家坡发电有限公司厂前区厨房设备及餐厅物资采购项目2.2项目地点：陕西省咸阳市彬州市2.3招标范围：厂前区新建餐厅区域厨房设备及餐厅物资，需购入一批厨房设备及餐厅物资，包括四门冰柜2台、双斗水池8台、双温水龙头15台、油烟净化一体机65米、长龙洗碗机1台、净水系统1套、高智能食品安全分析仪1台、传菜电梯1部、冷冻库39m3、冷藏库36m3等共计83种物资及安装附件（详见招标文件第五章技术规范书）。2.4交货期：合同签订后21天2.5招标编号：0866-25C2SXQY03453.投标人资格要求3.1资质要求：（1）投标人须是中华人民共和国境内注册的独立法人资格或其他组织，具有有效的营业执照，并具有与本招标项目相应的供货及服务能力；（2）法定代表人为同一人或者存在控股、管理关系的不同单位，不得同时参加投标。3.2业绩要求：投标人须提供2022年01月01日至投标截止日厨房设备采购业绩3份，其中合同清单中主要产品油烟净化一体机项目至少1套或不低于30米，合同扫描件须至少包含:合同买卖双方盖章页、合同签订日期、合同内容、项目服务厂家、交付清单等关键信息。3.3信誉要求：（1）未在“信用中国”网站中列入失信被执行人名单，提供有效证明资料（网页截图）。（2）不得列入陕煤集团“供应（合作）商黑名单”且在公布期内（以投标人加盖公章的承诺书为准）3.4其他要求：（1）本项目不接受联合体投标。本项目接受代理商投标（代理商须具有油烟净化一体机、长龙洗碗机、净水系统、高智能食品安全分析仪、冷冻库、冷藏库生产厂商的授权书，以及生产厂商的企业营业执照）。4.招标文件的获取4.1获取时间：2025年5月8日08时30分到2025年5月14日17时30分（北京时间，下同）。
2025-05-07,招标,https://www.zbytb.com/s-zb-57342354.html,陕西,咸阳市,资质: 建筑工程施工总承包二级,"健身活动中心,室外工程,活动中心,长武县",长武县全民健身活动中心室外工程招标公告,1.招标条件本招标项目长武县全民健身活动中心室外工程已由长武县行政审批服务局以长审批批复（2024）155号批准建设，招标人(项目业主)为长武县文化和旅游局，建设资金来自财政，项目出资比例为国有资金100.00%。项目已具备招标条件，现对该项目进行公开招标，特邀请有意愿的潜在投标人（以下简称申请人）提出资格预审申请。2.项目概况与招标范围2.1建设地点：长武县景清路西侧；2.2工程规模：主要包括室外土建及设备管线工程，具体内容详见招标文件及工程量清单；2.3项目投资总额：20425100元，（其中本次招标工程估算17872400元）；2.4计划工期：365日历天；2.5标段划分：标段1:标段名称:长武县全民健身活动中心室外工程;标段编号:E61040035165y35pdtm1001;标段类型:施工;；2.6招标范围：标段1:主要包括室外土建及设备管线工程，具体内容详见招标文件及工程量清单。；2.7其他：/。3.申请人资格要求3.1标段名称：长武县全民健身活动中心室外工程：本次资格预审要求申请人具备【建筑工程施工总承包二级】及以上资质，并在人员、设备、资金等方面具备相应的施工能力。其中，投标人拟派项目负责人具备【建筑工程二级注册建造师】及以上执业资格，具备有效的安全生产考核合格证书，且无在建项目，项目经理近三年具有类似施工业绩。同时企业须具有有效的营业执照和安全生产许可证，申请人近三年具有类似施工业绩。。3.2标段名称：长武县全民健身活动中心室外工程：本次资格预审不接受联合体资格预审申请。3.3各投标人均可就本招标项目上述标段中的1个标段投标，但最多允许中标1个标段（适用于分标段的招标项目）。4.资格预审方式本次资格预审采用有限数量制。5.资审文件的获取5.1请于2025-05-07 09:00起至2025-05-19 18:00下载资审文件。6.资格预审申请文件的递交6.1资格预审申请文件递交的截止时间为2025年05月20日09时30分。
2025-05-07,招标,https://www.zbytb.com/s-zb-57342361.html,陕西,咸阳市,资质: 电力工程监理甲级,"风电,监理,风电项目工程,工程建设监理,建设监理",陕煤旬邑200兆瓦风电项目工程建设监理招标公告,"一、招标条件陕煤旬邑200兆瓦风电项目已由陕西省发展和改革委员会以陕发改能新能源〔2024〕1167号文件核准批复。项目动态投资11.7亿元，其中资本金占20%，由企业自筹，其余部分申请银行贷款解决。本招标项目陕煤旬邑200兆瓦风电项目工程建设监理，招标人为陕煤旬邑新能源科技有限公司，项目已具备招标条件，现对该项目进行公开招标。二、项目概况、标段划分与招标范围2.1 工程规模：装机容量200MW风电工程2.2招标范围：陕煤旬邑200兆瓦风电项目监理,包括但不限于200兆瓦风电场工程、升压站及送出线路工程，从施工准备开始到土建、安装、调试至工程所有项目竣工验收合格之日止的全过程监理，配合项目结算、项目审计、专项验收、档案归档、竣工验收、达标投产及创优等相关工作。2.3建设地点：咸阳市旬邑县境内。2.4监理服务期限：监理服务期为施工期至竣工验收所有监理工作，现场服务结束与项目竣工验收同步，竣工后负责工程质保监督，配合工程结算、工程审计、项目后评价等全部服务时间止。三、投标人资格要求3.1 投标人为在中华人民共和国境内依法注册的独立法人，具备合法有效的营业执照。3.2投标人须具有电力工程监理甲级或工程监理综合资质。3.3拟派驻项目总监理工程师具有“国家注册监理工程师”资格证书且未担任其他在建项目的总监理工程师（提供承诺书），必须具备2020年1月1日至投标文件递交截止时间风电发电工程监理经验和监理业绩（至少提供1份200MW或以上风电电站监理业绩），拟派总监理工程师必须进驻项目现场，提供2024年6月至2024年12月每月社保缴纳记录。3.4投标人2020年1月1日至投标文件递交截止时间具有1项200MW或以上风电场建设监理项目业绩，并具有两个或以上110kV升压站及线路监理业绩（业绩证明文件以合同为准，合同复印件应清晰明了，有合同签署双方的盖章页，合同复印件应加盖公章）。3.5投标人须提供近年（2022年、2023年、2024年连续三年）经第三方审计的年度财务审计报告、财务报表（应附经会计师事务所或审计机构审计的财务会计报表，包括资产负债表、现金流量表、利润表的复印件）。3.6信誉要求(以投标人加盖公章的承诺书为准):(1)投标人未列入信用中国(https://www.creditchina.gov.cn/)严重失信名单或失信惩戒对象;(2)投标人未列入中国执行信息公开网(http://zxgk.court.gov.cn/)失信被执行人名单;(3)投标人未列入国家企业信用信息公示系统(https://www.gsxt.gov.cn/)严重违法失信名单(黑名单);3.6本项目不接受联合体投标。四、资格审查方法本次招标采用资格后审的方法对投标人资格进行审查，资格评审的条件、标准、方法详见招标文件。五、招标文件获取5.1凡有意参加投标者，请于2025年5月7日08时00分至2025年5月12日18时00分（北京时间，下同）下载招标文件。六、投标文件递交6.1 投标文件递交的截止时间（投标截止时间，下同）为2025年5月29日09时30分。"
2025-05-07,招标,https://www.zbytb.com/s-zb-57344578.html,陕西,咸阳市,项目报价: 279万元,"润滑剂,钢管,咸阳宝石,宝石,石钢",咸阳宝石钢管钢绳有限公司钢丝拉拔润滑剂框架招标(定商定价)-二次招标公告,1. 招标条件本招标项目咸阳宝石钢管钢绳有限公司钢丝拉拔润滑剂框架招标（定商定价）-二次招标人为咸阳宝石钢管钢绳有限公司，招标项目资金来自咸阳宝石钢管钢绳有限公司，出资比例为 100% 。该项目已具备招标条件，现对其进行公开招标。2. 项目概况与招标范围2.1招标产品范围：项目为咸阳宝石钢管钢绳有限公司钢丝拉拔润滑剂，采购物资物料组为17990444  防锈润滑剂，项目划分为1标包/段。预计采购金额279.368万元，招标采购物资品种及规格见下表：序号物资名称数量（吨）最高限价（元/吨）总金额钢丝拉拔润滑剂1钙皂260883622973602钠皂3215510496320合     计27936802.2技术要求：技术标准：满足咸阳宝石钢管钢绳有限公司《钢丝拉拔润滑剂采购技术要求》Y-059-2016号，详见附件。2.3招标结果有效期：自合同签订之日起24个月。2.4依据招标品种规格及数量为预估使用量，供货计划按月下发，分批到货；具体规格及数量以招标人电话通知或电子邮件为准，以需方单位实际过磅数量为准。2.5结算方式：物资验收合格凭13%增值税票挂账后6个月支付物资总金额90%货款，剩余10%货款作为质量保证金，质保期12个月满后无任何质量问题，一次性付清。按照合同约定送货至指定地点交货并提供《产品合格证明》、《质量检验报告》等相关技术质量资料，同时提供13%增值税专用发票；结算重量以实际称重重量为准。2.6交货地点：陕西省咸阳市秦都区玉泉西路西延段咸阳宝石钢管钢绳有限公司库房。2.7价格调整：在合同期内，如遇交易货物市场价格发生较大变化，幅度超过±10  %时，双方协商调整价格，以谁受益谁举证的原则，双方协商调整价格，次月生效。3. 投标人资格要求3.1投标人应为中华人民共和国境内注册的法人或其他组织，具有承担民事责任的能力（法人企业分支机构等不具备法人资格的投标人参与投标时，应持对应法人企业法定代表人身份证明及法定代表人出具的授权委托书方可参与投标）。提供统一社会信用代码的营业执照彩色扫描件。投标人需具备响应招标人采购需求的完全供货能力，存在控股关系或管理关系或隶属于同一集团的多个投标人参与投标的，投标将被否决。3.2投标人须提供2023年度有效的经会计师事务所或审计机构审计的财务审计报告（有效是指：审计报告应当有注册会计师的签名和盖章，会计师事务所的名称、地址、盖章，财务报表包括：资产负债表、利润表或称损益表、现金流量表和报表附注），财务状况良好，无资不抵债情况。3.3信誉要求：①未被工商行政管理机关在全国企业信用信息公示系统中列入严重违法失信企业名单；②未被最高人民法院在“信用中国”网站列入失信被执行人名单；③投标人或其法定代表人、拟委任的项目负责人近三年无行贿犯罪。3.4被中国石油天然气集团有限公司或宝鸡石油机械有限责任公司限制投标的潜在投标人，《中国石油天然气集团有限公司采购产品质量监督抽查情况通报》中被处罚的投标人（复查合格的除外），投标将被否决。3.5投标人所供产品必须符合国家、行业现行技术标准和招标文件要求，必须符合满足其他法律、行政法规规定的其他条件。3.6不接受联合体投标。注：以上条件均为否决项，投标人所提供的证明材料原件、彩色扫描件，须真实、有效、清晰可识别，否则按不合格处理，证明材料不接受单独递交；投标人对所提供材料的真实性负法律责任。4. 招标文件的获取凡有意参加投标的潜在投标人，请于北京时间 2025年05月07日至2025年05月12日……购买
2025-05-07,招标,https://www.zbytb.com/s-zb-57343185.html,陕西,咸阳市,陕西 » 咸阳市,"报废资产,年报,报废",陕西统一2025年报废资产外卖招标公告,****公司）项目范围：厂内报废资产（回收商需至陕西统一查看实物）项目要求：服务商至项目地点自行运输，拆卸、包装、搬运、运输等，相关费用由购买方自理；拉运货物时如为法人本人拉运，提供身份证明，如非法人，提供授权委托**同后，买方派车到卖方装货过磅，双方对设备及价格进行...
2025-05-07,招标,https://www.zbytb.com/s-zb-57343282.html,陕西,咸阳市,资质: 岩土工程,"装备,深部开采,治理技术,装备研究,彬长",彬长矿区深部开采井-地联合压裂治理技术及装备研究项目招标公告,自筹，招标人为陕西彬长矿****公司，项目已具备招标条件。陕西秦源招****公司受陕西彬长矿****公司的委托**2．项目名称、招标范围********项目名称：彬长矿区深部开采井-地联合压裂治理技术及装备研究项目********招标编号：0866-25C3SXQY********.3项目概况：孟村矿、胡家河矿、小庄...
2025-05-07,招标,https://www.zbytb.com/s-zb-57358414.html,陕西,咸阳市,项目报价: 450万元,"工服,钢管,咸阳宝石,外协加工,宝石",咸阳宝石钢管钢绳有限公司索具插编、编结挤压工序外协加工服务框架招标公告,（重要提示：投标人务必认真填写招标文件附件《投标信息表》中的“工程/服务/物资”、“业绩发票”等表格，并在递交投标文件时，将已填写的《投标信息表》（EXCEL版）上传至中国石油电子招标投标交易平台“递交投标文件”的“价格文件”处。《投标信息表》（EXCEL版）填写的信息须与投标文件内容保持一致，若因填写信息错误或与投标文件...
2025-05-06,招标,https://www.zbytb.com/s-zb-57329315.html,陕西,咸阳市,项目报价: 156万元,"员工体检,健康体检,体检,职业健康体检,职业健康",2025年咸阳分公司员工体检、员工职业健康体检招标公告,1. 招标条件本招标项目2025年咸阳分公司员工体检、员工职业健康体检项目已由中国石油天然气股份有限公司陕西咸阳销售分公司批准，资金来自企业自筹，出资比例为100%，招标人为中国石油天然气股份有限公司陕西咸阳销售分公司。项目已具备招标条件，现对该项目的服务进行公开招标。2. 项目概况与招标范围2.1项目概况：对2025年咸阳分公司员工开展员工体检、员工职业健康体检项目。按照《健康体检机构资质资格核查管理细则》、《职业健康检查机构资质资格核查管理细则》《陕西销售公司职业健康管理办法（陕销办〔2021〕204号）》，咸阳分公司2025年员工职业健康体检和非职业健康体检预计人数共611人，其中，在册合同化员工、市场化用工在岗员工共484人，预计108.66万元；第三方用工127人，预计21.38万元；职业健康检查524人，预计26.20万元。2.2招标范围：在符合法律法规、企业标准的情况下，提供服务的体检机构必须在咸阳市主城区内有开展体检活动的实体场所，并具有能够满足本次体检要求的资质、硬件设备设施及医资力量。2.3标段（标包）划分：本项目不划分标段，需求3家服务商。2.4服务期限：从合同签订之日起至2025年12月（合同实际具体履行期限以实际为准，且在合同中说明）。2.5服务地点：咸阳市主城区内。2.6最高限价：156.24万元（含税价）。3. 投标人资格要求3.1投标人须是依照中华人民共和国法律在国内注册的法人或其他组织，具备有效的营业执照，事业单位提供有效的事业单位法人证书；三甲医院或具备同等条件的独立设置的健康体检机构，具有职业健康检查项目资质和健康体检资质的非盈利性机构。3.2资质要求：投标人须具有卫生主管部门颁发的《医疗机构执业许可证》（含职业健康体检服务内容）。3.3业绩要求：投标人近一年（2024年1月1日至投标截止日前30日）具有至少一项综合性健康体检的服务业绩（须提供合同及对应结算发票）。3.4财务要求：未被责令停产停业，无资不抵债情形；未进入清算程序，或被宣告破产，或其他丧失履约能力的情形；投标人应提供2024年度经会计师事务所或审计机构审计的财务审计报告。包括正文部分、资产负债表、利润表或称损益表、现金流量表、附注，财务审计报告上需加盖会计师事务所（或审计事务所）公章，2名中国注册会计师签字并加盖中国注册会计师章。注：成立日期晚于2024年1月1日的，从成立年开始提供。3.5信誉要求：①未被工商行政管理机关在全国企业信用信息公示系统（www.gsxt.gov.cn）中列入严重违法失信企业名单；②未被人民法院在“信用中国”网站列入失信被执行人名单；③投标人或其法定代表人、拟委任的项目负责人无行贿犯罪。3.6被中国石油天然气集团有限公司和陕西销售分公司纳入“黑名单”或限制投标的潜在投标人，其投标将会被否决。3.7联合体要求：不接受联合体投标。4．招标文件获取4.1凡有意参加投标的潜在投标人，请于北京时间2025年5月6日至2025年5月12日……报名4.2招标文件每标段售价为200元人民币，请有意参加投标的潜在投标人确认自身资格条件是否满足要求，售后不退，应自负其责。
2025-05-06,招标,https://www.zbytb.com/s-zb-57333544.html,陕西,咸阳市,陕西 » 咸阳市,"水处理药剂,药剂,延长石油集团橡胶,陕西延长,水处理",陕西延长石油集团橡胶有限公司水处理药剂供应商准入项目招标公告,陕西橡胶有限公司水处理药剂供应商准入项目准入公告（项目编号：DYZB2025-4-H099）项目所在地区：陕西省一、采购条件本入围项目陕西橡胶有限公司水处理药剂供应商准入项目，采购人为陕西橡胶有限公司，入围项目资金来自企业自筹，出资比例100%。该项目现已具备入围条件，现组织国内公开入围，特邀请有意向的潜在申请人（以下简称申请人）提出入围申请。现就有关事宜公告如下：二、入围内容和标包划分：本项目为陕西橡胶有限公司水处理药剂供应商准入，计划准入一批水处理药剂供应商单位。本项目共划分为一个标段。三、申请人资格要求1、申请人为具备承担采购项目能力的依法注册成立的境内法人或其他组织。法人或其他组织申请的，提供有效的营业执照或事业单位法人证书；分支机构申请的，提供有效的分支机构营业执照，以及有效的总公司营业执照及总公司针对本项目的授权书。2、提供基本户开户许可证或基本户证明材料。3、具备一般纳税人资格（提供如税务机关出具的一般纳税人资格证明，或近期开具的增值税专用发票记账联，或税务机关官方网站一般纳税人查询记录等有效证明材料）。4、代理商申请的，提供所投产品生产厂家，或生产厂家设立的产品销售公司，或生产厂家母公司设立的产品销售公司出具的产品代理销售授权书（销售授权书必须包含除氧缓蚀剂、阻垢缓蚀剂、除油剂、杀菌灭藻剂4种产品）；销售公司出具产品授权的，还须该销售公司提供其与生产厂家之间的有效关系证明材料。5、提供申请人或所投产品生产厂家2021年1月1日至今（以合同签订时间为准）所投产品（必须包含除氧缓蚀剂、阻垢缓蚀剂、除油剂、杀菌灭藻剂4种产品任意一种产品业绩，需提供业绩合同复印件及对应合同的至少一张发票复印件；（发票开票日期须在准入公告发布之日30日前）；6、不得列入国家企业信用信息公示系统严重违法失信企业名单（黑名单）、不得列入信用中国严重失信主体名单、不得列入中国执行信息公开网失信被执行人名单（被执行人包括申请人、法定代表人）。（提供以上三个网站四项内容查询结果截图）。7、本项目不接受联合体申请。四、入围文件的获取获取时间：从2025年5月6日到2025年5月13日。
2025-05-06,招标,https://www.zbytb.com/s-zb-57328906.html,陕西,咸阳市,项目报价: 156万元,"员工体检,健康体检,体检,中国石油天然气股份,中国石油",中国石油天然气股份有限公司陕西咸阳销售分公司2025年咸阳分公司员工体检、员工职业健康体检项目招标公告,1.招标条件本招标项目2025年咸阳分公司员工体检、员工职业健康体检项目已由中国石油天然气股份有限公司陕西咸阳销售分公司批准，资金来自企业自筹，出资比例为100%，招标人为中国石油天然气股份有限公司陕西咸阳销售分公司。项目已具备招标条件，现对该项目的服务进行公开招标。2.项目概况与招标范围2.1项目概况：对2025年咸阳分公司员工开展员工体检、员工职业健康体检项目。按照《健康体检机构资质资格核查管理细则》、《职业健康检查机构资质资格核查管理细则》《陕西销售公司职业健康管理办法（陕销办〔2021〕204号）》，咸阳分公司2025年员工职业健康体检和非职业健康体检预计人数共611人，其中，在册合同化员工、市场化用工在岗员工共484人，预计108.66万元；第三方用工127人，预计21.38万元；职业健康检查524人，预计26.20万元。2.2招标范围：在符合法律法规、企业标准的情况下，提供服务的体检机构必须在咸阳市主城区内有开展体检活动的实体场所，并具有能够满足本次体检要求的资质、硬件设备设施及医资力量。2.3标段（标包）划分：本项目不划分标段，需求3家服务商。2.4服务期限：从合同签订之日起至2025年12月（合同实际具体履行期限以实际为准，且在合同中说明）。2.5服务地点：咸阳市主城区内。2.6最高限价：156.24万元（含税价）。3.投标人资格要求3.1投标人须是依照中华人民共和国法律在国内注册的法人或其他组织，具备有效的营业执照，事业单位提供有效的事业单位法人证书；三甲医院或具备同等条件的独立设置的健康体检机构，具有职业健康检查项目资质和健康体检资质的非盈利性机构。3.2资质要求：投标人须具有卫生主管部门颁发的《医疗机构执业许可证》（含职业健康体检服务内容）。3.3业绩要求：投标人近一年（2024年1月1日至投标截止日前30日）具有至少一项综合性健康体检的服务业绩（须提供合同及对应结算发票）。3.4财务要求：未被责令停产停业，无资不抵债情形；未进入清算程序，或被宣告破产，或其他丧失履约能力的情形；投标人应提供2024年度经会计师事务所或审计机构审计的财务审计报告。包括正文部分、资产负债表、利润表或称损益表、现金流量表、附注，财务审计报告上需加盖会计师事务所（或审计事务所）公章，2名中国注册会计师签字并加盖中国注册会计师章。注：成立日期晚于2024年1月1日的，从成立年开始提供。3.5信誉要求：①未被工商行政管理机关在全国企业信用信息公示系统（www.gsxt.gov.cn）中列入严重违法失信企业名单；②未被人民法院在“信用中国”网站列入失信被执行人名单；③投标人或其法定代表人、拟委任的项目负责人无行贿犯罪。3.6被中国石油天然气集团有限公司和陕西销售分公司纳入“黑名单”或限制投标的潜在投标人，其投标将会被否决。3.7联合体要求：不接受联合体投标。4．招标文件获取4.1凡有意参加投标的潜在投标人，请于北京时间2025年5月6日至2025年5月12日内……购买。4.2招标文件每标段售价为200元人民币。
2025-05-06,招标,https://www.zbytb.com/s-zb-57329639.html,陕西,咸阳市,陕西 » 咸阳市,"延长石油集团橡胶,陕西延长,生产区域,生产辅助,业务外包",陕西延长石油集团橡胶有限公司全半钢生产区域生产辅助工序业务外包项目招标公告,陕西橡胶有限公司全半钢生产区域生产辅助工序业务外包项目招标公告（招标编号：DYZB2025-4-GF223）项目所在地区：陕西省一、招标条件本陕西橡胶有限公司全半钢生产区域生产辅助工序业务外包项目已由项目审批/核准/备案机关批准，项目资金来源为自筹。招标人为陕西橡胶有限公司。本项目已具备招标条件，现招标方式为公开招标。二、招标范围及标段划分陕西橡胶有限公司全半钢生产区域生产辅助工序业务外包项目，共划分为两个标段，一标段为全钢生产区域生产辅助工序业务外包，二标段为钢生产区域生产辅助工序业务外包。三、投标人资格要求1.投标人应为在中华人民共和国境内依法注册的法人或其他组织，具备有效的营业执照（或事业法人登记证书）。2.投标人应具备一般纳税人资格（提供如税务机关出具的一般纳税人资格证明。或近期开具的增值税专用发票记账联，或税务机关官方网站一般纳税人查询记录截图）。3.提供投标人2021年1月1日起至今（以合同签订时间为准）至少一份类似项目业绩证明材料（提供合同复印件及与合同对应的至少一张发票复印件）。4.不得列入国家企业信用信息公示系统经营异常名录、严重违法失信名单（黑名单），不得列入信用中国经营异常、严重失信主体名单，不得列入中国执行信息公开网失信被执行人名单。5.一个投标人可参与两个标段投标，但仅可中标其中一个标段。6.本项目不接受联合体投标。四、招标文件的获取获取时间：从2025年5月6日到2025年5月12日；
2025-05-06,招标,https://www.zbytb.com/s-zb-57327867.html,陕西,咸阳市,陕西 » 咸阳市,"网络设备,住院部,彩虹",谈判采购咸阳彩虹医院旧住院部改造网络设备采购公告,咸阳彩虹医院旧住院部改造网络设备采购项目已具备采购条件，现公开邀请供应商参加谈判采购活动。1.采购项目简介1.1项目名称：咸阳彩虹医院旧住院部改造网络设备采购项目1.2项目编号：25C1.3采购人：咸阳彩虹医院1.4资金落实情况：已落实1.5采购方式：谈判采购2.采购范围及相关要求2.1采购范围：咸阳彩虹医院旧住院部改造网络设备采购1项2.2分包情况、最高限价及其他要求：包号包名称数量单位最高限价（如有）最高限价单位交货期交货地点01咸阳彩虹医院旧住院部改造网络设备采购项目1项无无合同签订后30个工作日咸阳彩虹医院备注01：无3.供应商资格要求3.1  供应商应依法设立且满足如下要求：（1）供应商应是具有独立承担民事责任能力，能够向采购人提供货物和服务的法人或非法人组织；（2）供应商应具有良好的商业信誉和健全的财务会计制度；（3）供应商应具有依法缴纳税收和社会保障资金的良好记录；（4）供应商在参加本项目采购活动前三年内，在经营活动中无重大违法记录（重大违法记录是指因违法经营受到刑事处罚或责令停产停业、吊销许可证或者执照、较大数额罚款等行政处罚）；3.2  供应商不得存在下列情形之一：（1）单位负责人为同一人或者存在控股、管理关系的不同单位，不得参加同一项目分包或者未分包的同一采购项目的采购活动；（2）被“信用中国”网站列入失信被执行人和重大税收违法案件当事人名单的供应商，不得参与项目的采购活动；（3）因执行通用技术集团系统内采购项目中发生过严重违约行为或被列入通用技术集团供应商管理黑名单的，不得参与项目的采购活动；（4）供应商不得存在的其他情形：（1）单位负责人为同一人或者存在控股、管理关系的不同单位，不得参加同一项目分包或者未分包的同一采购项目的采购活动；（2）被“信用中国”网站列入失信被执行人和重大税收违法案件当事人名单的供应商，不得参与本项目的采购活动；（3）在执行通用技术集团系统内采购项目中发生过严重违约行为或被列入通用技术集团供应商管理黑名单的，不得参与本项目的采购活动；（4）供应商不得存在的其他情形：处于被责令停产停业、暂扣或者吊销执照/许可证、吊销资质证书状态；进入清算程序，或被宣告破产，或其他丧失履约能力的情形；与采购人存在可能影响采购公正性的利害关系；国家有关法律法规禁止的情形。3.3  本次采购不接受联合体投标。4.采购文件的获取4.1本项目采购文件以电子文件形式发售。4.2采购文件发售时间：2025年05月06日 16时00分到2025年05月09日 17时00分（北京时间）。
2025-05-06,招标,https://www.zbytb.com/s-zb-57322570.html,陕西,咸阳市,陕西 » 咸阳市,"控制系统,延长石油集团橡胶,国产化改造,陕西延长,国产化",陕西延长石油集团橡胶有限公司PCR钢丝压延、纤维压延自动测厚控制系统国产化改造项目招标公告,陕西橡胶有限公司PCR钢丝压延、纤维压延自动测厚控制系统国产化改造项目招标公告（招标编号：DYZB2025-4-GF224）项目所在地区：陕西省一、招标条件本陕西橡胶有限公司PCR钢丝压延、纤维压延自动测厚控制系统国产化改造项目已由项目审批/核准/备案机关批准，项目资金来源为自筹。招标人为陕西橡胶有限公司。本项目已具备招标条件，现招标方式为公开招标。二、招标范围及标段划分陕西橡胶有限公司PCR钢丝压延、纤维压延自动测厚控制系统国产化改造项目，数量2套，共划分为一个标段。三、投标人资格要求1.投标人应为在中华人民共和国境内依法注册的法人或其他组织，具备有效的营业执照（或事业法人登记证书）。2.投标人应具备一般纳税人资格（提供如税务机关出具的一般纳税人资格证明。或近期开具的增值税专用发票记账联，或税务机关官方网站一般纳税人查询记录截图）。3.提供投标人2021年1月1日至今（以合同签订时间为准）至少1份类似项目业绩，提供双方加盖公章清晰的合同复印件或扫描件。4.不得列入国家企业信用信息公示系统经营异常名录、严重违法失信名单（黑名单），不得列入信用中国经营异常、严重失信主体名单，不得列入中国执行信息公开网失信被执行人名单。5.本项目不接受联合体投标。四、招标文件的获取获取时间：从2025年5月6到2025年5月12日；
2025-05-06,招标,https://www.zbytb.com/s-zb-57309290.html,陕西,咸阳市,资质: 房屋建筑工程监理甲级,"监理,城中村改造,阳高",咸阳高新区两寺渡村城中村改造项目三标段监理招标公告,"1.招标条件本招标项目咸阳高新区两寺渡村城中村改造项目三标段监理已由咸阳高新技术产业开发区行政审批服务局以咸高新行审发【2024】163号批准建设，招标人(项目业主)为咸阳两寺片区建设开发有限公司，建设资金来自自筹和财政，项目出资比例为国有资金50.00%、自筹资金50.00%。项目已具备招标条件，现对该项目进行公开招标，特邀请有意愿的潜在投标人（以下简称申请人）提出资格预审申请。2.项目概况与招标范围2.1 建设地点：(请登录)2.2 工程规模：新建安置小区1#、9#、10#、16#、17#楼，及地下车库，总建筑面积132009.55㎡，地下面积23723.52㎡，地上面积108286.03㎡；2.3 项目投资总额：4058851000元，（其中本次招标工程估算2800000元）；2.4 计划工期：700日历天；2.5 标段划分：标段1:  标段名称: 咸阳高新区两寺渡村城中村改造项目三标段监理;标段编号: E6104003516ite5ox53b001;标段类型: 监理;；2.6 招标范围：标段1:（1）工程类别：房屋建筑工程； （2）招标类型：监理； （3）招标范围和内容：本次招标为咸阳高新区两寺渡村城中村改造项目三标段施工全过程监理服务。；2.7 其他：/。3.申请人资格要求3.1 标段名称：咸阳高新区两寺渡村城中村改造项目三标段监理：本次资格预审要求申请人具备【工程监理综合类资质甲级】及以上,或【房屋建筑工程监理甲级】及以上资质，并在人员、设备、资金等方面具备相应的监理能力。其中，投标人拟派项目总监理工程师具备【房屋建筑工程注册监理工程师】及以上执业资格且未担任其他在建工程项目的总监理工程师。申请人须具备合法有效的营业执照。企业近五年具有类似项目业绩。。3.2标段名称：咸阳高新区两寺渡村城中村改造项目三标段监理： 本次资格预审不接受联合体资格预审申请。3.3 各投标人均可就本招标项目上述标段中的 1  个标段投标，但最多允许中标   1                                    个标段 （适用于分标段的招标项目）。……4.资格预审方式本次资格预审采用 有限数量制。5.资审文件的获取5.1 请于2025-05-06 08:00起至2025-05-12 18:00……下载资审文件。"
2025-05-06,招标,https://www.zbytb.com/s-zb-57332686.html,陕西,咸阳市,陕西 » 咸阳市,"信息安全,安全保障,技术研究",灾害防控全过程信息安全保障技术研究项目第2次招标招标公告,矿****公司，项目已具备招标条件。陕西秦源招****公司受陕西彬长矿****公司的委托**2．项目名称、招标范围********项目名称：灾害防控全过程信息安全保障技术研究项目********招标编号：0866-25C3SXQY********.3项目概况：基于彬长小庄矿、胡家河矿、孟村矿实际情况，充分论证工程试验...
2025-05-06,招标,https://www.zbytb.com/s-zb-57322496.html,陕西,咸阳市,陕西 » 咸阳市,"维保服务,物流,监控,设备维修维保,航空物流",航空物流公司监控设施设备维修维保服务采购公告,航空物流公司监控设施设备维修维保服务采购项目【采购公告】航空物流公司监控设施设备维修维保服务采购项目采购公告1.采购条件项目已具备采购条件，现对该(批)项目进行公开采购。2.项目概况(1)项目名称：航空物流公司监控设施设备维修维保服务采购项目；(2)项目单位：物流公司本部    ；(3)采购编号：物流公司-2025-8239；(4)项目内容 ：1.基本情况：航空物流公司目前分为A、B、C三个货运区及一个业务用房，其中A区涵盖A01库、A02库、A03库，安防系统分别于2012年、2013年、2017年通过公司和第三方安防专业机构验收和检测。B区涵盖西货运区及贴建办公楼；2024年通过公司和第三方安防专业机构验收和检测。C区涵盖东货运区及贴建办公楼，2024年通过公司和第三方安防专业机构验收和检测。业务用房涵盖办公楼和驻勤楼，2025年通过公司和第三方安防专业机构验收和检测。2.监控设施设备数量：A区安防点位共计461个（其中A01、A02品牌为海康，A03品牌为博世），B区安防点位共计332个（品牌为宇视），C区安防点位共计756个（品牌为宇视），业务用房安防点位共计273个（品牌为宇视），车辆监控22个（图敏智能 ）。3.维修、维保内容：具体要求内容详见第五章采购需求部分。；(5)建设地点：咸阳；(6)质量标准：详见采购文件；(7)计划工期/计划供货期/计划服务期：365天(日历天)；3.供应商资格条件3.1须是中华人民共和国境内正式注册并具有有效独立法人资格的法人或其他组织，并在资金、人员、技术以及配备与安全防范系统维护保养工作相适应的器具、设备、仪器仪表及必要的备品备件等方面具有相应的能力;3.2单位负责人为同一人或者存在控股、管理关系的不同单位，不得同时参加本项目；3.3具有安防系统工程师认证的专业人员不少于2人；3.4需具备高处作业资质人员；3.5需建立完善的维护保养体系。4.采购文件的获取请各申请人于 2025年05月06日 16:00至2025年05月19日 10:00获取采购文件。
2025-05-06,招标,https://www.zbytb.com/s-zb-57324044.html,陕西,咸阳市,项目报价: 96万元,"视频内窥镜,工业视频,内窥镜,内窥,窥镜",智能工业视频内窥镜竞争性谈判公告,（一）项目名称：智能工业视频内窥镜（二）项目编号：GYS（三）最高限价：96万元（四）采购数量：2套（五）主要功能及技术指标：主要用于孔探检查压气机、燃烧室、涡轮等重要机件，并将检查发现的疑似问题进行拍照、尺寸测量。详见《技术要求》（购买竞争性谈判文件后提供）。设备应符合国家标准及行业规范的要求，功能及其性能参数应满足我方现场使用需求及设备技术要求。二、资格能力条件（一）资质要求：本次竞争性谈判要求供应商须具备独立法人资格，供应商为企业的，应提供营业执照复印件，供应商为依法允许经营的事业单位的，应提交事业单位法人证书的复印件。营业执照或事业单位法人证书应处于有效期，并具有与本竞争性谈判项目相应的供货能力。（二）财务要求：供应商需提供开户银行与账号、经会计师事务所审计的近三年度财务审计报告（含销售收入、固定资产）、银行开具的资信证明、纳税信用级别及以往工作业绩证明等。供应商成立少于1年的，应提供成立以来财务状况表。（三）业绩要求：供应商需提供近三年参数相同或接近的国内同类设备销售收入、设备数量、用户名单等（提供不少于3份合同复印件）。（四）信誉要求：供应商未被工商行政管理机关在全国企业信用信息公示系统中列入严重违法失信企业名单，未被最高人民法院在“信用中国”网站（www.creditchina. gov.cn）或各级信用信息共享平台中列入失信被执行人名单，在近三年内供应商及其法定代表人、拟委任的项目负责人均无违规行贿犯罪行为。（五）其它要求：本项目接受代理商响应、一个制造商对同一品牌同一型号的设备，仅能委托一个代理商参加响应，代理商响应时，须提供设备制造商出具的唯一授权书。（六）本次竞争性谈判不接受联合体响应。三、谈判文件售价每份人民币200元（售后不退）。四、购买文件时间（一）所有符合以上条件并愿意参加此项目响应的供应商请于2025年05月06日起到2025  年05月12日止，每日上午09时至12时，下午13时至17时（北京时间，公休日及节假日除外）……购买竞争性谈判文件。
2025-05-06,招标,https://www.zbytb.com/s-zb-57315897.html,陕西,咸阳市,资质: 公路路面工程专业承包,"中铁一局,铁路建设,铁路隧道,附属工程,咸阳市",中铁一局集团铁路建设有限公司咸阳市二厂路下穿陇海铁路隧道工程项目北侧小广场土方及附属工程招标公告,1．项目概况与招标范围1.1项目概况：建筑垃圾装车及外运、土方开挖及回填、100厚6mm粒径C25彩色强固透水混凝土、草 花及花箱、阀门管件、坐凳、垃圾桶、大理石桌凳、石灰稳定土及级配砂石垫层、人工清理地面 等北侧小广场土方及附属工程施工内容。1.2计划工期：2025年5月30日—2025年7月13日1.3招标范围及标段划分招标范围：咸阳市二厂路下穿陇海铁路隧道工程项目北侧小广场土方及附属工程。标段划分：标段共划分为一个标段，具体工程量见工程量清单报价表。2．投标人资格要求2.1本次招标要求投标人具备的条件：2.1.1基本要求中华人民共和国境内(不含港澳台地区)合法注册的独立法人。投标人必须能开具增值税专用发票，优先考虑一般纳税人。本次招标不接受联合体投标。2.1.2资质要求本次招标要求投标人须具备，公路路面工程专业承包资质，在中铁一局集团公司注册的《合格劳务分包方名册》中，并在人员、设备、资金等方面具有相应的施工能力。2.1.3业绩要求近三年(2022年5月至2025年5月)承担过或正在承担1项及以上类似工程的业绩，且信誉良好，近三年内无质量、安全事故，无各类刑事或经济诉讼类案件。3．招标文件发售时间为2025年5月12日至2025年5月17日……
2025-05-06,招标,https://www.zbytb.com/s-zb-57321788.html,陕西,咸阳市,项目报价: 203万元,"配电系统,变配电系统,变配电,厂房",109厂房变配电系统招标公告,公司，招标项目资金来源为工厂自筹，现对该项目进行公开招标，在“中国****网”发布“109厂房变配电系统采购项目招标公告”，开展公开招标工作。招标内容（一）项目名称：109厂房变配电系统（二）招标编号：GYSDZB-GY-2025-004（三）最高限价：设备最高限价********元（四）采购数量：高压固体绝缘开...
2025-05-06,招标,https://www.zbytb.com/s-zb-57336497.html,陕西,咸阳市,项目报价: 45万元,"加工中心,转台",加工中心用转台竞争性谈判公告,一、竞争性谈判内容（一）项目名称：加工中心用转台（二）项目编号：GYSDTP-GY-2025-10（三）最高限价： 45万元 （四）采购数量： 1套 （五）技术指标要求：本项目为交钥匙工程。该转台用来配合原装进口瑞士豪泽的坐标磨床（H45-400）磨削各类中、小型零件，实现各类零件的分度回转、端面磨削和弧面磨削、内孔、外圆磨削，满足零件的回转加工要求。安装该转台及驱动用软硬件后可实现零件的精密及高表面质量磨削。（购买竞争性谈判文件后提供）。设备应符合国家标准及行业规范的要求，功能及其性能参数应满足我方技术要求。二、资格能力条件（一）资质要求：本次竞争性谈判要求供应商须具备独立法人资格，供应商应提供营业执照复印件。营业执照证书应处于有效期，并具有与本竞争性谈判项目相应的供货能力。（二）财务要求：供应商需提供开户银行与账号、经会计师事务所审计的近三年度财务审计报告（含销售收入、固定资产）、银行开具的资信证明、纳税信用级别及以往工作业绩证明等。供应商成立少于1年的，应提供成立以来财务状况表。（三）业绩要求：供应商需提供近三年参数相同或接近的设备销售收入、数量、用户名单、时间、联系人及联系方式等（提供3份以上合同复印件）。（四）信誉要求：供应商未被工商行政管理机关在全国企业信用信息公示系统中列入严重违法失信企业名单，未被最高人民法院在“****网站（******** ********）或各级信用信息共享平台中列入失信被执行人名单，在近三年内供应商及其法定代表人、拟委任的项目负责人均无违规行贿犯罪行为。（五）其它要求：本项目接受代理商响应、一个制造商对同一品牌同一型号的设备，仅能委托**时，须提供设备制造商出具的唯一授权书。（六）本次竞争性谈判不接受联合体响应。
2025-05-06,招标,https://www.zbytb.com/s-zb-57336498.html,陕西,咸阳市,项目报价: 94万元,"检测系统,视觉检测系统,视觉检测,系统设备,叶片",叶片机器视觉检测系统设备二次竞争性谈判公告,一、竞争性谈判内容（一）项目名称：叶片机器视觉检测系统设备（二）项目编号：GYSDTP-G（三）最高限价： 94万元（四）采购数量： 1套（五）技术指标要求：采用Cascade R-CNN目标检测模型对采集数据进行训练，利用卷积块注意模块，提高系统对异常情况的感知能力。通过各角度及位姿工业相机，对运动中叶片实时获取图片，并结合数据库内容进行检测比对。（购买竞争性谈判文件后提供）。设备应符合国家标准及行业规范的要求，功能及其性能参数应满足我方技术要求。二、资格能力条件（一）资质要求：本次竞争性谈判要求供应商须具备独立法人资格，供应商应提供营业执照复印件。营业执照证书应处于有效期，并具有与本竞争性谈判项目相应的供货能力。（二）财务要求：供应商需提供开户银行与账号、经会计师事务所审计的近三年度（2022-2024年度）财务审计报告（含销售收入、固定资产）、银行开具的资信证明、纳税信用级别及以往工作业绩证明等。供应商成立少于1年的，应提供成立以来财务状况表。（三）业绩要求：供应商需提供近三年参数相同或接近的设备销售收入、数量、用户名单、时间、联系人及联系方式等（提供3份以上合同复印件）。（四）信誉要求：供应商未被工商行政管理机关在全国企业信用信息公示系统中列入严重违法失信企业名单，未被最高人民法院在“信用中国”网站（www.creditchina. gov.cn）或各级信用信息共享平台中列入失信被执行人名单，在近三年内供应商及其法定代表人、拟委任的项目负责人均无违规行贿犯罪行为。（五）其它要求：本项目接受代理商响应、一个制造商对同一品牌同一型号的设备，仅能委托一个代理商参加响应，代理商响应时，须提供设备制造商出具的唯一授权书。（六）本次竞争性谈判不接受联合体响应。三、谈判文件售价每份人民币200元（售后不退）。四、购买文件时间和地点（一）所有符合以上条件并愿意参加此项目响应的供应商请于 2025 年5月6日起到 2025 年5月12日止，每日上午09时至12时，下午13时至17时（北京时间，公休日及节假日除外）……报名。
2025-05-06,招标,https://www.zbytb.com/s-zb-57309291.html,陕西,咸阳市,资质: 工程设计综合资质甲级,"配套设施建设,配套设施,阳高,设计",咸阳高新区星光大道道路及配套设施建设项目设计招标公告,"1.招标条件本招标项目咸阳高新区星光大道道路及配套设施建设项目设计已由咸阳高新区行政审批服务局以2503-610461-04-01-997580批准建设，招标人（项目业主）为咸阳畅行未来道路工程有限公司，建设资金来自自筹和财政，项目出资比例为国有资金30.00%、自筹资金70.00%。 项目已具备招标条件，现对该项目进行公开招标，特邀有意愿的投标人参加投标。2.项目概况与招标范围：2.1 建设地点：新建下穿道路：北起连霍高速北辅道，南至连霍高速南辅道；新建临时导改道路：西起纺织四路以西，东至渭河桥头； ；2.2 工程规模：本次招标内容为新建下穿道路长约160米，北起连霍高速北辅道，南至连霍高速南辅道，星光大道采用整体下穿，宽度58米，含道路、排水、照明、管廊及交通等工程；因施工需截断连霍高速，根据连霍高速公路封闭施工需要，依据《高速公路改扩建交通组织设计规范》（JTG/T 3392—2022）相关规定，拟采取交通导改方案进行道路分流，新建临时导改道路，西起纺织四路以西，东至渭河桥头，总长度约1.7公里，宽20.25米 ；2.3 项目投资总额：2609000元，（其中本次招标工程估算2609000元）；2.4 计划工期：60 日历天 ；2.5 标段划分：标段1: 标段名称: 咸阳高新区星光大道道路及配套设施建设项目设计;标段编号: E6104003516d1vpg60ph001;标段类型: 设计; ；2.6 招标范围：标段1:咸阳高新区星光大道道路及配套设施建设项目初步设计（含概算编制）、施工图设计及后续相关服务等所有内容 ；2.7 其他：/ 。3.投标人资格要求3.1标段名称：咸阳高新区星光大道道路及配套设施建设项目设计：本次资格要求申请人具备 【市政行业(道路工程)专业设计甲级】及以上与【市政行业(排水工程)专业设计乙级】及以上与【市政行业(桥梁工程)专业设计乙级】及以上,或【市政行业工程设计乙级】及以上与【市政行业(道路工程)专业设计甲级】及以上,或【工程设计综合资质甲级】及以上,或【市政行业工程设计甲级】及以上 资质 ，并在人员、设备、资金等方面具备相应的设计能力。其中，投标人拟派项目负责人具备【高级技术职称证】及以上执业资格投标人需具备合法有效的营业执照，并在人员方面具有相应的设计能力，近五年内具有类似业绩；拟派项目负责人具备市政工程相关专业高级及以上职称，近五年内具有类似业绩3.2 标段名称：咸阳高新区星光大道道路及配套设施建设项目设计： 本次招标不接受联合体投标；3.3 各投标人均可就本招标项目上述标段中的 1个标段投标，但最多允许中标1个标段 （适用于分标段的招标项目）。3.4 投标人、拟派项目负责人须在“陕西省住房和城乡建设厅”或“全国建筑市场监管公共服务平台”官网录入信息；类似项目业绩以项目所在地“省级建设网”的查询截图或“全国建筑市场监管公共服务平台”的查询截图或“中标通知书及项目设计合同”为准；投标人未被列为经营异常名录（列入异常后移出除外）、失信被执行人、重大税收违法失信主体，以“信用中国 ”网站（http://www.creditchina.gov.cn/）下载的信用信息报告为准；未在“国家企业信用信息公示系统”（ www.gsxt.gov.cn）中列入严重违法失信企业名单。4.资格审查方法本次招标采用资格后审的方法对投标人资格进行审查，资格评审的条件、标准、方法详见招标文件。5.招标文件的获取5.1请于2025-05-06 08:00 起至2025-05-12 18:00……下载招标文件。6.投标文件的递交6.1 投标文件递交的截止时间2025年05月28日09时30分。"
2025-05-06,招标,https://www.zbytb.com/s-zb-57309152.html,陕西,咸阳市,资质: 房屋建筑工程监理乙级,"智慧停车,高铁,监理,停车库,车库",乾县人民医院高铁医院地下智慧停车库项目监理招标公告,"乾县人民医院高铁医院地下智慧停车库项目监理资格预审公告1.招标项目情况项目名称：乾县人民医院高铁医院地下智慧停车库项目监理招 标 人：乾县卫生健康局工程地点：乾县人民医院高铁新区分院内项目总投资：90.39万元招标内容：乾县人民医院高铁医院地下智慧停车库项目监理，项目新建智慧停车场总建筑面积15500㎡。分为南北两区建设，南区在医院南入口广场下，建筑面积10000㎡，北区在门诊综合楼及住院综合楼之间，建筑面积5500㎡，其中包括设备辅助用房1000㎡。规划停车位400个，充电桩120个。停车场配套智能充电系统、智能照明系统、视频监控系统、车位引导系统、车辆道闸管理等智慧系统等，本项目施工图纸范围内及工程量清单全部内容的监理工作。2.申请人资格要求2.1申请人需具备合法有效的营业执照，具备工程监理综合类资质或房屋建筑工程监理乙级及以上资质，并在人员、设备、资金等方面具备相应的监理能力,企业近5年具有类似项目业绩；2.2拟派项目总监理工程师具备房屋建筑工程专业国家注册监理工程师执业资格，且未担任其他在建工程项目的总监理工程师，且近5年有类似项目业绩。2.3（1）申请人、拟派项目总监理工程师需在“陕西省住房和城乡建设厅”录入信息（外省企业须提供“陕西省住房和城乡建设厅”入陕备案相关截图及“全国建筑市场监管公共服务平台”查询截图）；（2）类似项目业绩以项目所在地“省级建设网”或“全国建筑市场监管公共服务平台”信息截图或“中标通知书”或“合同复印件”为准；（3）申请人未被列为经营（活动）异常名录、严重失信 主体、重大税收违法失信主体，以“信用中国”网站（http://www.creditchina.gov. cn/） 查询截图为准。2.4本次资格预审不接受联合体资格预审申请。2.5资格审查方式：有限数量制，限7家，申请人数量小于等于7家时，变更为资格后审。3、资格预审文件的获取：请于2025年5月6日08时00分至2025年5月12日18时00分……下载资格预审文件。4.资格预审申请文件的递交4.1 资格预审申请文件递交的截止时间：2025年5月23 日9时30分。"
2025-05-06,招标,https://www.zbytb.com/s-zb-57316486.html,陕西,咸阳市,陕西 » 咸阳市,"药剂,桑德,碳源",兴平桑德水务有限公第二季度碳源药剂采购项目询价公告,一、报名时间2025年5月7日8:00——2025年5月9日17:00二、参选单位资格要求（一）须在中华人民共和国境内注册，具备独立承担民事责任的能力（若为分公司，需提供总公司相应授权说明）；（二）须具有良好的商业信誉，近一年内（2024年1月1日至今）或成立至今（成立不足一年的单位）在日常经营活动中未出现重大违法经营行为，未处于有关行政处罚期间，未被列入工商系统经营异常名录或严重违法失信企业名单，未被列入人民法院公布的失信被执行人名单；（三）财务状况要求：近一年内（2024年1月1日至今）或成立至今（成立不足一年的单位）财务状况无亏损或净资产大于0；（四）业绩基本要求：近两年内（2023年1月1日至今）或成立至今（成立不足两年的单位）至少具备一项正在实施或已完成的类似业绩【类似业绩指：采购碳源药剂供货】（五）针对本项目的特殊资格要求：需有供货品牌授权；（六）单位负责人为同一人或者存在直接控股、管理关系的不同供应商，不得参加同一合同项下的采购活动；（七）不接受联合体参选。三、响应性文件获取方式(请登录)四、响应文件递交截止时间及询价开始时间均为2025年5月12日15时00分（北京时间）；
2025-05-06,招标,https://www.zbytb.com/s-zb-57329869.html,陕西,咸阳市,资质: 食品经营许可证,"养老院,膳食",天津市养老院天津市养老院膳食服务项目招标公告,一、项目基本情况                        项目编号：HCLHZB-GK-********                        项目名称###市养老院膳食服务项目                        预算金额：********万元                        最高限价：********万元                        采购需求：                                                                                                                                                                                                                                                                                                                                            包号                                是否设置最高限价                                预算（万元）                                最高限价（万元）                                采购目录                                采购需求                                                                                                                                                                                第1包                                                                                                                                                                                                是                                                                                                                                                                ********                                                                                                ********                                                                餐饮服务                                按###市临床营养质控中心要求的标准，为住养老人和职工制作普通饮食、回民餐、半流食、流食、匀浆膳及老人个性化订餐服务等。                                                                                                                                 合同履行期限：自签订合同之日起一年（特殊情况以合同为准）                         本项目不接受联合体参与        ，本项目不接受进口产品                         二、申请人的资格要求：                        1.满足《中华人民共和国政府采购法》第二十二条规定；                        2.落实政府采购政策需满足的资格要求：1、根据财政部发布的《政府采购促进中小企业发展管理办法》（财库〔2020〕46号）规定，本项目为专门面向小型、微型企业的项目，投标人必须为小型、微型企业。2、根据财政部发布的《关于政府采购支持监狱企业发展有关问题的通知》（财库【2014】68号）规定，监狱企业视同小型、微型企业。3、根据财政部、民政部、中国残疾人联合会发布的《关于促进残疾人就业政府采购政策的通知》（财库【2017】141号）规定，残疾人福利性单位视同小型、微型企业。注：中小微企业以投标人填写的《中小企业声明函》为判定标准，残疾人福利性单位以投标人填写的《残疾人福利性单位声明函》为判定标准，监狱企业须投标人提供由省级以****局****局（含新疆生产建设兵团）出具的属于监狱企业的证明文件，否则不予认定。以上政策不重复享受。4、按照《财政部关于在政府采购活动中查询及使用信用记录有关问题的通知》（财库〔2016〕125号）的要求，根据投标文件开启时间后一个小时之内“****网站、[webname###****网（********）的信息，对列入失信被执行人、重大税收违法案件当事人名单、政府采购严重违法失信行为记录名单及其他不符合《中华人民共和国政府采购法》第二十二条规定条件的投标人，拒绝参与政府采购活动，同时对信用信息查询记录和证据进行打印存档。5、涉及商品包装或快递包装的，按照《财政部办公厅、生态环境部办公厅****局办公室关于印发、的通知》（财办库〔2020〕123号）要求执行。  本项目专门面向小型、微型企业采购；                        3.本项目的特定资格要求：1、营业执照副本或事业单位法人证书或民办非企业单位登记证书或社会团体法人登记证书或基金会法人登记证书（投标人具有独立承担民事责任的能力）自然人的身****公司参与投标的，应提供具有法****公司的营业执照复印件及授权书，授权****公司公章；2、投标人具有良好的商业信誉和健全的财务会计制度，提供2023年度或2024年度经第三方会计师事务所审计的企业财务报告或开标前六个月内开具的银行资信证明；3、投标人具有依法缴纳税收和社会保障资金的良好记录，提供2024年04月至开标截止时间前任意1个月的相关证明材料；依法不用缴纳税收和社会保障资金的应提供税务机关出具的依法免税的证明文件或社会保险基金管理部门出具的不需要缴纳社会保障资金的证明文件，提供复印件加盖公章；4、投标人参加政府采购活动前三年内，在经营活动中没有重大违法记录，并出具承诺函。（截至投标当日成立不足3年的投标人可提供自成立以来无重大违法记录的书面声明）；5、投标人须由法定代表人或其委托**法人开标，须提供法定代表人身份证明书和法定代表人身份证复印件；投标人若为被授权人开标，须提供法定代表人资格证明书、法人代表授权书和被授权人身份证复印件；    6、投标人须具备有效期内的《食品经营许可证》，提供复印件并加盖公章；7、本项目专门面向小微企业采购。（投标人须为小型或微型企业并按照招标文件中明确的行业提供《中小企业声明函》或投标人为残疾人福利性单位须提供《残疾人福利性单位声明函》或投标人为监狱企业须提供省级以****局****局（含新疆生产建设兵团）出具的属于监狱企业的证明文件。）；8、本项目不接受联合体投标，须提供承诺函。
2025-05-06,招标,https://www.zbytb.com/s-zb-57326093.html,陕西,咸阳市,陕西 » 咸阳市,"机械设备租赁,机械设备租,机械设备,设备租赁,机械",中国二冶集团有限公司机械设备租赁中心机械设备租赁招标公告,一、招标编号：EY(请登录)二、项目概况与招标范围：1.项目概况：S560K25塔式起重机运输主要内容：二台S560K25塔式起重机(每台包括21-23节标准节、70米主臂、8道附墙件、预埋支腿、配重、主机、工具箱、驾驶室、钢丝绳、电缆等)从陕西省咸阳市泾阳县崇文镇泾河·创智中心二期EPC工程项目运到西安市未央区石化大道雷寨村，运距53KM。2.服务地点：(请登录)3.招标范围：S560K25塔式起重机运输，明细详见本招标文件。三、投标人资格要求：1、投标人具有经工商登记的独立法人资格；具有实施本招标项目相适应的实力和承担相应风险的能力；具有道路运输许可条件；具有工程项目特殊需求的应急能力；具有从事类似招标项目经验的管理与技术人员；具有承担本招标项目所需的施工设备和安全生产条件。2.投标人应未被列入失信被执行人名单，没有处于责令停业、投标资格被取消、财产被接管、冻结、破产或涉及重大法律纠纷等状态，且近三年（2022年 1月1日至投标截止日）无重大违法记录（包括且不仅限于骗取中标或中标后不履行合同义务等）。3.投标人未被列入中国五矿集团有限公司供应链管理平台供应商“黑名单”。4.法定代表人为同一个人的两个及两个以上法人，母公司及其全资子公司、控股公司，不得同时参加同一标段投标。5.本项目不接受联合体投标。四、招标文件获取时间：      2025年5月7日10:00:00至2025年5月15日10:00:00（北京时间）。
2025-05-06,招标,https://www.zbytb.com/s-zb-57311050.html,陕西,咸阳市,资质: 市政公用工程施工总承包三级,"文化体育,体育中心,乾县",乾县文化体育中心建设项目出入口配套工程招标公告,一、招标条件 ###县文化体育中心建设项目出入口配套工程已由项目审批/核准/备案机关批准，项目资金###县级财政资金约********万元，招标###县****局。本项目已具备招标条件，现招标方式为公开招标。 二、项目概况和招标范围 规模：本项目###县文化体育中心，该项目主要实施内容###县文化体育中心建设项目出入口配套工程，总占地面积********㎡其中人行道占地180㎡，西侧出入口********㎡，东侧出入口********㎡，北侧出入口********㎡，西南角坟地********㎡。具体实施内容详见施工图纸及工程量清单。 范围：本招标项目划分为1个标段，本次招标为其中的： (00###县文化体育中心建设项目出入口配套工程：
2025-05-06,招标,https://www.zbytb.com/s-zb-57326183.html,陕西,咸阳市,陕西 » 咸阳市,"招标代理,中冶",中冶建工西北分公司崇文佳苑十一期安置房项目EPC工程总承包北区标段项目招标代理服务询价,中冶建工集团有限公司采购询价公告现就中冶建工西北分公司崇文佳苑十一期安置房项目EPC工程总承包北区标段项目招标代理服务询价向各单位进行询价采购，具体事项通知如下：一、询价书编码：202……二、采购内容概述：本次询价内容为崇文佳苑十一期安置房项目EPC工程总承包北区标段项目招标代理服务，具体详见询价清单。三、报价方式：请报价单位(请登录)进行在线报名或报价。请各单位务必按询价文件要求进行报价。四、具体安排如下：报价截止时间：2025年5月9日17：00（暂定截止时间，具体时间以平台时间为准），报名条件、质疑答疑时间等其余内容详见询价文件。采购单位：中冶建工集团有限公司2025年5月6日序号物资描述计量单位采购数量税率交货日期报价需求1招标代理服务项1.00.062025-05-20技术标准:计量方式:付款方式:送货地点:工程部位:收料人姓名:联系方式:
2025-05-05,招标,https://www.zbytb.com/s-zb-57309038.html,陕西,咸阳市,陕西 » 咸阳市,"因素,煤矿",小庄煤矿隐蔽致灾因素普查项目招标公告,"陕西彬长矿业集团有限公司小庄煤矿隐蔽致灾因素普查项目已具备采购条件，现公开邀请供应商参加谈判采购活动。1、采购项目简介1.1采购项目名称：小庄煤矿隐蔽致灾因素普查项目1.2采购人：陕西彬长矿业集团有限公司1.3采购编号：0866-25(请登录)1.4采购机构：(请登录)1.5采购项目资金落实情况：企业自筹，出资率100%。1.6采购项目概况：小庄煤矿为C类矿井，必须每两年对煤矿隐蔽致灾因素普查报告进行修编。按照“全面普查，周期实施，分区施策，常态补充”的原则，采用资料收集、实地调查、测量、物探（包括三维地震、瞬变电磁、直流电法、槽波等）、钻探、化探、岩样测试、水文动态观测、热红外成像、地音、微震、钻孔窥视、监测监控和数值分析等方法对未来5年采掘接续计划区域进行普查。。1.7成交供应商数量及成交份额：一家，成交份额：100%。2、主要工作内容及相关要求2.1收集矿山以往勘查、开采历史、生产现状,以及生产区、规划区的相关报告、图纸、台账等资料,掌握矿山的基本情况、生产建设现状、以往灾害(事故)情况、地质概况以及以往隐蔽致灾因素普查成果等内容，编制《小庄煤矿隐蔽致灾因素普查方案》。2.2根据《小庄煤矿隐蔽致灾因素普查方案》进行隐蔽致灾因素调查和资料收集，并指导矿井采用物探、化探和钻探等方法查清矿井5年采掘接续计划区域内采空区、封闭不良钻孔、地质构造、水源与通道、瓦斯、冲击地压、油型气等致灾因素，编制《小庄煤矿隐蔽致灾因素普查报告》。2.3根据《小庄煤矿隐蔽致灾因素普查报告》普查出来的致灾因素，结合采掘接续计划，制定隐蔽治灾因素治理工程清单，编制《小庄煤矿隐蔽致灾因素治理方案》。具体详见第五章采购需求。2.2服务期限：240日历天。2.3服务地点：陕西省咸阳市小庄煤矿。2.4质量要求或服务标准：符合国家、省市及行业相关规范要求。3、供应商资格要求3.1资质要求：3.1.1供应商应是中华人民共和国境内注册的独立的企业法人或事业单位，提供有效的营业执照或事业单位法人证书。3.2 人员要求供应商所派项目负责人须具有高级及以上职称。3.3业绩要求：供应商须提供近三年（自2022年1月1日至谈判截止日期）至少1份类似项目业绩（业绩以合同文件为准，合同内容要体现：合同首页、主要工作范围页、合同签订时间页及双方盖章签字页）。3.4信誉要求：3.4.1未被“信用中国”网站列入严重失信主体名单，提供网页截图（以网站实时查询结果为准）。3.4.2供应商不得列入陕煤集团“供应（合作）商黑名单”且在公布期内，由供应商提供承诺书。3.5供应商不得存在下列情形之一：3.5.1处于被责令停产停业、暂扣或者吊销执照、暂扣或者吊销许可证、吊销资质证书状态；3.5.2进入清算程序，或被宣告破产，或其他丧失履约能力的情形；3.5.3在最近三年内发生重大产品质量问题。3.6其他要求：单位负责人为同一人或者存在控股、管理关系的不同单位，不得同时参加本项目的谈判。3.7本次采购不接受联合体。4、采购文件的获取获取时间：2025年5月6日上午8时至2025年5月12日下午18时。"
2025-05-04,招标,https://www.zbytb.com/s-zb-57306265.html,陕西,咸阳市,陕西 » 咸阳市,"地面瞬变电磁勘探,瞬变电磁,电磁勘探,勘探工程,工作面",孟村矿401103工作面采空区地面瞬变电磁勘探工程招标公告,勘探工程已具备采购条件，现公开邀请供应商参加谈判采购活动。1、采购项目简介********采购项目名称：孟村矿********工作面采空区地面瞬变电磁勘探工程********采购人：陕西彬长矿****公司********采购编号：0866-25C3SXQY********.4采购机构：陕西秦源招****公司********采购项目资金落实情况：企业自筹，出资率100%。********采购项目概况..
2025-05-04,招标,https://www.zbytb.com/s-zb-57306084.html,陕西,咸阳市,陕西 » 咸阳市,"系统建设,保障系统,质保,统建",孟村矿透明地质保障系统建设项目招标公告,一、招标条件本招标项目陕西彬长矿业集团有限公司孟村矿透明地质保障系统建设项目建设资金为企业自筹，招标人为陕西彬长矿业集团有限公司，项目已具备招标条件。(请登录)受陕西彬长矿业集团有限公司的委托，现对该项目进行国内公开招标。二、项目概况与招标范围2.1项目名称：孟村矿透明地质保障系统建设项目2.2招标编号：0866-25C92.3项目概况：根据《陕西省煤矿透明地质保障建设技术规范（试行）》（矿安陕〔2024〕48号）要求，构建多元集成智能化系统，提升智能化技术装备水平，进一步细化掘前有探测、掘中有写实、采前有模型、采中有监测、动态能分析、实时能研究的地质透明化模型，结合矿井安全生产和灾害治理需求，建设矿井透明地质保障系统，构建矿井地质保障数据库，实现矿井地质信息的统一高效管理、实现数据共享互联互通；构建矿井至工作面真三维地质模型，融入现有井上下钻探和物探、定向长距离钻孔、“2-111”瓦斯高效抽采钻孔、底板集中泄水巷等数据，实现矿井范围内煤层赋存情况和地质构造赋存情况的透明化和三维可视化表达；搭建地质保障系统，建设隐蔽致灾地质因素应用场景，实现矿井主要图件的辅助生成及地质三书的智能辅助编制，为矿井安全生产提供地质基础和数据支撑。2.4服务范围：建设孟村矿透明地质保障系统，构建矿井级地质保障数据库，实现地质数据资源的高效利用及数据共享；建设矿井高精度多属性三维地质模型，融合矿井工程数据模型，展示矿井地质构造发育展布形态，实现矿井隐蔽致灾地质因素等的可视化精准表达；依托三维可视化技术搭建矿井地质保障系统，实现隐蔽致灾地质因素三维可视化等功能。详见招标文件第五章发包人要求。2.5服务期限：1年。三、投标人资格要求3.1资质要求：3.1.1投标人须具有中华人民共和国独立法人资格，具有有效的营业执照或事业单位法人证书等有效证明材料。3.1.2投标人具有并提供有效的自然资源部门颁发的地质灾害防治勘查(甲级)、地质灾害防治设计(甲级)、地质灾害防治危险性评估(甲级)资质证书；或者具有并提供有效的自然资源部门颁发的地质灾害评估和治理工程勘查设计(甲级)资质证书。3.2财务要求：投标人应提供2023年度的财务审计报告复印件（至少包含：审计报告签字盖章页、资产负债表、利润表、现金流量表），投标人成立不足一年的，需提供有效的基本账户银行出具的资信证明及银行开户许可证。3.3 人员要求：项目负责人须具有地质相关专业高级及以上专业技术职称。3.4业绩要求：投标人近三年（2022年1月1日至投标截止时间）至少具有一项已完成地质保障系统或数字化矿山项目或三维地质建模的合同业绩（提供合同复印件，合同中不能体现签订日期的，提供其他证明材料，所提供材料中未体现签订日期的，视为无效业绩）。3.5信誉要求:(1)投标人及其法定代表人未被“信用中国”网站列入严重失信主体名单，投标人须提供有效证明资料（需提供信用中国查询截图）。(2)不得列入陕煤集团“供应（合作）商黑名单”且在公布期内”的规定且在最近三年内未发生重大设计质量问题（需提供加盖单位公章的承诺书）。3.6 其他要求：(1)法定代表人为同一人的两个及两个以上法人、母子公司、全资子公司及其控股公司不得在本项目同时投标(需提供加盖单位公章的承诺书)；(2)本项目不接受联合体投标。四、招标文件的获取4.1 获取时间：2025年5月6日上午8:00时至2025年5月13日下午18:00时（北京时间，下同）。
2025-05-01,招标,https://www.zbytb.com/s-zb-57306518.html,陕西,咸阳市,陕西 » 咸阳市,"空调,内环,环流,空调设备",郑州华粮科技股份有限公司咸阳某项目采购内环流和空调设备竞价采购公告,1.项目名称：咸阳某项目采购内环流和空调设备2.项目编号：ESJJ3.采购人郑州华粮科技股份有限公司5.9其他具体要求可见浪潮电子采购平台公告及采购文件。4.标的序号标的编号标的名称备注1A02052002000020内环流和空调设备具体信息，详见采购文件5.报价人资格要求（1）注册成功，并作为合格供应商；（2）响应人应在中华人民共和国境内注册并具有独立的法人资格（注：如需其他组织或自然人参与还需要求出具事业单位法人证书等国家规定的相关证明，自然人参与的提供其身份证明）；（3）最近三年内没有骗取成交和严重违约等重大违法记录（格式见sheet7-无违法违规记录承诺函）并提供通过“信用中国”网站查询的信用报告（网站下载信用报告加盖响应人公章，查询时间为公告发布之日起至响应文件递交截止时间）；（4）是否接受联合体响应：✔不接受；（5）未尽事宜，遵照法律法规及其他相关规定执行。说明：单位负责人为同一人或者存在控股、管理关系的不同单位，不得参加同一标段或者未划分标段的同一采购项目；采购人有权随时要求响应人提供上述复印件的原件进行核验，响应人的任何缺项和延迟都将导致被取消响应资格，若采购人经核实发现成交供应商有提供虚假资料等骗取成交行为也将导致被取消响应资格。6.竞价文件的获取凡有意参加报价者，请于2025-04-25 11:00:00至2025-04-30 11:00:00（北京时间，下同)……下载电子文件。
2025-04-30,招标,https://www.zbytb.com/s-zb-57298560.html,陕西,咸阳市,陕西 » 咸阳市,"水文地质补充勘探,水文地质补,水文地质,补充勘探,西北部",胡家河405盘区西北部地质及水文地质补充勘探项目招标公告,一、招标条件本招标项目陕西彬长矿****公司胡家河405盘区西北部地质及水文地质补充勘探项目建设资金为企业自筹，招标人为陕西彬长矿****公司，项目已具备招标条件。陕西秦源招****公司受陕西彬长矿****公司的委托**二、项目概况与招标范围********项目名称：胡家河405盘区西北部地质及水文地质补充勘探项目********招标编号：0866-25C3SXQY********.3项目概况：405盘区西北部井田由于钻孔稀少，构造形态控制程度不够，难以控制煤层底板等高线及煤层零点边界，煤层厚度、结构，赋存状况控制不足，资源储量级别低，水文地质条件认识不足，煤层瓦斯赋存等开采技术条件状况不清，不能满足矿井盘区接续设计及未来生产的需要，为进一步查明405盘区西北部构造形态、水文地质条件、煤层赋存状态、煤质瓦斯状况、储量分布、开采技术条件、煤层零点边界等规律，确保盘区工作面合理布置，安全顺利开采，特制定《405盘区西北部地质及水文地质补充勘探技术参数要求》。********服务范围：胡家河矿405盘区西北部实施补充地质及水文地质勘探钻孔12个（探煤孔10个、水文兼长观孔2个），预计进尺8850m。详见招标文件第五章发包人要求。********服务期限：合同签订之日起6个月内。
2025-04-30,招标,https://www.zbytb.com/s-zb-57290566.html,陕西,咸阳市,陕西 » 咸阳市,"惰性氧化铝瓷球,惰性氧化铝,氧化铝瓷球,陕西延长,氧化铝",陕西延长石油(集团)有限责任公司惰性氧化铝瓷球代储框架协议联合采购项目变更公告,陕西延长石油（集团）有限责任公司惰性氧化铝瓷球代储框架协议联合采购项目变更公告（招标编号：DYZB2025-4-p00）项目所在地区：陕西省一、招标条件本陕西延长石油（集团）有限责任公司惰性氧化铝瓷球代储框架协议联合采购项目已由项目审批/核准/备案机关批准，项目资金来自企业自筹，出资比例100%，招标人为陕西兴化集团有限责任公司。本项目已具备招标条件，现招标方式为公开招标。二、项目概况和招标范围规模：本采购项目为陕西延长石油（集团）有限责任公司惰性氧化铝瓷球代储框架协议联合采购项目，年使用量约为2214.36吨，使用单位为兴化公司、炼化公司、延能化公司、榆能化公司、榆煤化公司；本次联合采购为两年框架协议，具体采购量详见采购清单。范围：共划分为一个标段，本次招标为其中的：(001）陕西延长石油（集团）有限责任公司惰性氧化铝瓷球代储框架协议联合采购项目三、投标人资格要求(001)陕西延长石油（集团）有限责任公司惰性氧化铝瓷球代储框架协议联合采购项目的投标人资格能力要求：1.投标人为具备承担招标项目能力的依法注册成立的境内法人或其他组织，提供有效的营业执照或事业单位法人证书；分支机构投标的，还应提供总公司有效的营业执照，以及总公司授予其针对本项目的投标授权书。2.提供有效的基本账户银行开户许可证或基本账户证明材料。3.具备一般纳税人资格，提供如税务机关出具的一般纳税人资格证明，或近期开具的增值税专用发票，或税务机关官方网站一般纳税人查询记录截图等有效证明材料。4.投标人必须为生产厂家，或其在中国境内设立的销售公司，或生产厂家母公司在中国境内设立的销售公司。其中销售公司投标的，提供其母公司出具的其与生产厂家之间的关联关系证明材料。5.投标人所投产品应为生产厂家或其在中国境内设立的销售公司，或生产厂家母公司在中国境内设立的销售公司在中国境内有销售业绩。提供2023年1月1日至今（以合同签订时间为准）单个合同超过200吨的销售业绩，并提供对应不少于200吨的发票复印件，若对应多张发票的提供多张累计不低于200吨的发票复印件（合同计量单位为立方米的视为有效，同时转化为吨来计算，转化率按所对应物资技术规格书中堆密度（或比重）的下限来计算），（发票开票日期须在招标公告发布之日30日前）。6.投标人须提供2024年1月1日至今（以合同签订时间为准）不少于300吨的煅烧ɑ氧化铝原材料采购合同，并提供对应不少于300吨的发票复印件，若对应多张发票的提供多张累计不低于300吨的发票复印件（发票开票日期须在招标公告发布之日30日前）。7.投标人只需提供符合所投产品物料描述中氧化铝含量一致的任一规格的出厂检测报告，如生产厂家不具备出具出厂检测报告的需要提供第三方检验机构出具的相关检验证明材料（需符合中华人民共和国化工行业标准HG/T3683.1-2014）。8.不得列入国家企业信用信息公示系统严重违法失信企业名单（黑名单）、不得列入信用中国严重失信主体名单、不得列入中国执行信息公开网失信被执行人名单（被执行人包括投标人、法定代表人）。（提供以上三个网站四项内容查询结果截图）。9.本项目不接受代理商及联合体投标。四、招标文件的获取1、获取时间：从2025年04月30日到2025年05月12日2、
2025-04-30,招标,https://www.zbytb.com/s-zb-57283210.html,陕西,咸阳市,陕西 » 咸阳市,"陕西延长石油兴化化工,铁路专用线,专用线运维,陕西延长,长石",陕西延长石油兴化化工有限公司铁路专用线运维管理招标公告,一、中标候选人基本情况排序投标人名称投标总报价（元）服务期限服务质量标准第1名陕西润诚铭建****公司********.00自合同签订之日起至2026年1月 31日内完成符合国家、行业相关规定和标准以及招标文件要求第2名陕###****公司********.00自合同签订之日起至2026年1月 31日内完成符合国家、行业相关规定和标准以及招标文件要求第3名陕###****公司********.00自合同签订之日起至2026年1月 31日内完成符合国家、行业相关规定和标准以及招标文件要求二、中标候选人响应招标文件要求的资格能力条件以上中标候选人的投标文件资格能力条件、质量均响应招标文件要求。
2025-04-30,招标,https://www.zbytb.com/s-zb-57276013.html,陕西,咸阳市,资质: 工程设计综合资质甲级,"柴油机,柴油,试验台架,处理装置,试验台",柴油机试验台架黑烟处理装置工程总承包(EPC)招标公告,1.招标条件本招标项目柴油机试验台架黑烟处理装置工程总承包（EPC)，项目业主为陕西柴油机重工有限公司（以下简称“招标人”）。项目建设资金来自自筹，出资比例为100%。项目已具备招标条件，现将该项目的工程总承包（EPC)进行公开招标。2.项目概况与招标范围2.1项目概况2.1.1建设地点：陕西省咸阳市兴平市西城区。2.1.2建设规模：本项目所涉及6种型号柴油机的9个试车台位于陕西柴油机重工有限公司柴油机制造事业部试验车间，柴油机试车台架具体情况需投标方实地考察勘测为准。2.1.3工期：从合同签订至安装完成工期90日历天，调试完成工期20日历天，总工期110日历天。2.2 招标范围：-本项目为9个柴油机试验台位，每个试验台位配套一套柴油机黑烟处理装置。-为保证除烟设备使用要满足柴油机试车试验时排气背压符合要求（见表一），投标方需要提前核实设备管道安装的可行性（管路布置，楼顶承载），并提供施工方案及详细施工图纸。-投标方作为整套系统的设计（含系统PID图，管道布置图、施工图绘制、材料清单等）、系统内设备（包含管道、阀件、辅材等）的供货、检测、送审、取证与安装，配合系统调试、竣工验收、培训及售后服务全过程的工程总承包。-关于系统施工安装，需在招标文件中提供施工方案和计划。注：施工还包含土建内容，如：a.设备基础及地坪施工b.管路的支架固定，管路隔热绝缘c.承包方式：设计+采购+施工-投标人须提供本项目所需的整个系统设备、材料和所有附件的供应、运输、施工、安装、调试、档案整理等一切相关工作，并通过当地主管部门的验收直至交付使用。-压力管道（若需）、压力容器申报由中标方完成-设备、管道等安装。-电气设备安装，电缆敷设、接线，防雷静电接地（含验收）等相关工作。-调试配合，保证系统满足使用需求。-现场实际施工、验收结束后，需提供最终实际安装情况一致的竣工资料。3.投标人资格要求3.1 本次招标要求投标人在中华人民共和国境内注册，具备有效的营业执照或事业单位法人证书，单位负责人为同一人或者存在控股关系的不同单位，不得同时参与同一标段标或者未划分标段的同一招标项目投标；13.2 资质要求：投标人须同时具有以下资质：（1）设计资质：具有建设行政主管部门核发的工程设计综合资质甲级或环境工程设计（大气污染防治工程）乙级及以上专项资质；（2）施工资质：具有建设行政主管部门核发的机电工程施工总承包三级及以上资质，同时具有有效的安全生产许可证；3.3 企业业绩要求：投标人近5年（2020年1月1日至今）具有1项类似黑烟处理装置环保类设备工程总承包业绩，或同时具备1项类类似黑烟处理装置环保类设备设计业绩和1项类似黑烟处理装置环保类设备施工业绩（工程总承包业绩和施工业绩提供合同和完工证明复印件，已完工时间为准，设计业绩提供合同复印件，以合同签订时间为准）；3.4 项目经理资格要求：投标人拟派出的项目经理应具备二级注册建造师资格（机电工程专业）；3.5 项目经理业绩要求：投标人拟派出的项目经理近5年（2020年1月1日至今）担任过类似黑烟处理装置环保类设备工程总承包或施工工程的项目经理，或担任过类似黑烟处理装置环保类设备设计项目的项目负责人。（提供合同复印件或其他证明材料，证明材料中需体现项目经理名字，以合同签订时间为准）3.6 投标人应具有良好的商业信誉。近3年（2020年1月1日至今）所履行的合同无因投标人违约或不恰当履约引起的合同中止和诉讼记录；没有处于被责令停业，投标资格被取消的状况；未被“中国执行信息公开网”（http://zxgk.court.gov.cn/shixin/）列入失信被执行人名单；（提供承诺函或查询截图，若为联合体投标，各成员方均需提供）3.8 单位负责人为同一人或者存在控股、管理关系的不同单位，不得参加同一标段投标或者未划分标段的同一招标项目投标；否则均否决其投标；3.9 投标人资格审查方式：资格后审；3.10 本次招标接受联合体投标。联合体投标的，应满足下列要求：联合体投标的，提交联合体协议书。联合体协议书应明确联合体各方的权利、义务，联合体各方不得再以自己名义单独或参加其他联合体在本次招标项目中投标；（2）独立投标的，应满足本项目所有资质要求。4.招标文件的获取1、招标文件发售期：2025年4月30日至2025年5月12日，全天（北京时间，下同）；2、下载费：500元/份。
2025-04-30,招标,https://www.zbytb.com/s-zb-57274657.html,陕西,咸阳市,资质: 建筑工程施工总承包三级,"厕所改造,厕所",某学院厕所改造公告,"1．谈判条件本谈判项目某学院厕所改造已按军队工程建设管理有关规定批准建设，建设单位为某学院，建设资金来源为上级拨款。项目已具备谈判条件，特邀请有意向的潜在报价人参加谈判。2．项目概况与谈判范围2.1工程特征：某学院厕所改造2.2建设地点：陕西省咸阳市2.3谈判项目（标段）建设规模（最高投标限价）：433279.44元。2.4计划工期：20日历天2.5谈判范围：某学院厕所改造，具体内容详见图纸及工程量清单。2.6其他：无。3．报价人资格要求1.报价人应具有独立承担民事责任的能力,提供工商行政管理部门核发的有效的营业执照（或事业单位法人证书，或社会团体法人登记证书），并在人员、设备、资金等方面具有承担本项目的能力（提供承诺书），且无外资、港澳台背景（提供承诺书），成立时间不少于3年。2.报价人应具有良好的商业信誉和健全的财务会计制度,没有处于被责令停业，财产被接管、冻结或破产状态（提供承诺书），并提供近三年（近三年指2021-2023年）会计师事务所出具的审计报告复印件加盖公章或财务报告。3.报价人应具有履行合同所必需的设备和专业技术能力，根据项目需求提供履行合同所必需的设备和专业技术能力的声明加盖公章。4.报价人有依法缴纳税收和社会保障资金的良好记录，提供近一年内至少三个月社保与纳税记录证明材料，其中社保须根据银行转账汇款单或社保（税务）部门出具的缴纳社会保障金的凭证判定，证明材料应当显示险种和缴纳所属时期，不需要缴纳社会保障金的报价供应商，应当提供相关证明材料或书面声明，代缴社保证明材料不予认可；纳税须根据税务部门出具的完税凭证或纳税的银行转账汇款单等判定，证明材料应当显示税种和缴纳所属时期（认定税种不包括个人所得税），如依法免税或不需要纳税的，提供相应证明材料。5.未被中国政府采购网列入政府采购严重违法失信行为记录名单，未在军队采购暂停名单处罚范围内或军队采购失信名单禁入处罚期和处罚范围内，以及未被“信用中国”列入严重失信主体名单或国家企业信用信息公示系统（www.gsxt.gov.cn）列入严重违法失信名单（处罚期内）。在全国建筑市场监管公共服务平台（http://jzsc.mohurd.gov.cn/）查询企业与项目经理均未处于禁止报价期限内。6.单位负责人为同一人或者存在直接控股、管理关系的不同报价人，不得同时参加同一标段的招标活动。报价人之间有上述关系的，应主动声明，否则根据军队相关规定进行处罚；7.本次谈判要求报价人具备建筑工程施工总承包三级（及以上）资质及有效的安全生产许可证，报价人拟派项目经理须具备建筑工程专业二级(含以上级)注册建造师执业资格和有效的安全生产考核合格证书（B本）。8.本次谈判不接受联合体报价。4．资格审查方式本次谈判采用资格后审方式，由评审委员会对报价人进行资格审查，所有通过资格审查的有效报价人均可以参加评审。5．谈判文件的获取5.1凡有意申请投标者，请于2025年04月28日至2025年05月07日，每日上午9：00时至12：00时，下午14：30时至17：00时(北京时间，下同)……购买"
2025-04-30,招标,https://www.zbytb.com/s-zb-57280305.html,陕西,咸阳市,陕西 » 咸阳市,"智能化,装备,深部开采,平台研发,化探",深部开采灾害协同化探查治理智能化钻进装备与平台研发项目招标公告,1．招标条件本招标项目深部开采灾害协同化探查治理智能化钻进装备与平台研发项目建设资金为企业自筹，招标人为陕西彬长矿业集团有限公司，项目已具备招标条件。(请登录)受陕西彬长矿业集团有限公司的委托，现对该项目进行国内公开招标。2．项目名称、招标范围2.1项目名称：深部开采灾害协同化探查治理智能化钻进装备与平台研发项目2.2招标编号：0862.3项目概况：小庄煤矿位于陕西省彬长矿区中部，行政区划隶属于陕西省咸阳市彬州市义门镇，2018年建成投产，矿井设计生产能力为600万t/a，核定生产能力为600万t/a。小庄煤矿井田东西长6.5km，南北宽7.0km，面积45.82km²。矿井可采煤层3层，分别是3煤、4-1煤、4煤，其中4煤为矿井主采煤层，最大埋深805m，最大厚度35m，平均厚度18m。4煤设计采用长壁综合机械化放顶煤开采方法，全部垮落法管理顶板，采用综掘工艺掘进。一般截割高度3.5m，放煤高10.5m，采高为14m。煤层原始瓦斯含量3.3～4.4m³/t，原始瓦斯压力0.21～0.32MPa，2023年测定矿井绝对瓦斯涌出量29.55m³/min，相对瓦斯涌出量2.69m³/t，采面最大瓦斯涌出量10.55m³/min，属高瓦斯矿井。矿井工作面瓦斯主要来源为开采层的煤壁和落煤解吸的瓦斯；另一部分来源于采空区，采空区瓦斯涌出包括丢煤解吸的瓦斯、围岩（主要为底煤）涌出的瓦斯。目前，矿井采用钻机主要以全液压驱动，人工操作为主，钻机在钻场靠近煤壁布置，施工人员操作钻机时离孔口近，因孔内煤与瓦斯突出的问题容易对现场施工人员安全造成威胁。另外，井下钻场施工数据无法实时传输到地面监控中心，不能及时对井下施工进行远程作业指导，不符合当前井下上—下一体化冲击地压智能防控的总体建设要求。具体详见第五章发包人要求2.5服务地点：陕西彬长矿业集团有限公司小庄矿指定地点。2.6服务期限：预计完成时间2026年12月，具体详见第五章发包人要求。3．投标人资格要求3.1资质要求：（1）投标人须是中国境内合法注册的独立法人，企业法人应提供有效的营业执照，事业法人应提供事业单位法人证书。3.2人员要求：（1）项目经理：投标人拟派项目负责人应具备博士研究生和高级及以上技术职称（矿山类或地质类专业），拟派项目负责人须提供至少1项井下巷道围岩控制技术研究项目或煤矿水害防治相关项目（2020年1月1日至投标截止时间，以合同签订时间为准）业绩（提供任职文件或合同扫描件），且具有主持国家级科研项目经历。（2）技术负责人：投标人拟派技术负责人须具有高级工程师及以上职称，提供职称证书扫描件。（3）安全负责人：投标人拟派安全负责人须应具备高级及以上技术职称。3.3业绩要求：投标人须提供自2015年1月1日至投标截止时间前至少3项已完成的类似项目业绩（业绩以合同文件为准，合同内容要体现：合同首页、主要工作范围页、合同签订时间页及双方盖章签字页）。3.4信誉要求：（1）在国家企业信用信息公示系统（http://www.gsxt.gov.cn）未被列入企业经营异常名录或严重违法失信企业名单（须提供该网页查询截图）（以网站实时查询结果为准）；（2）不得列入信用中国（http://www.creditchina.gov.cn/）失信惩戒名单（提供查询结果截图）。（以网站实时查询结果为准）；（3）不得列入“供应（合作）商黑名单”且在公布期内（承诺即可）。3.5其他要求：（1）单位负责人为同一人或者存在控股、管理关系的不同单位，不得同时参加本招标项目的投标。（2）本次招标不接受联合体投标。4．招标文件的获取4.1获取时间：2025年5月6日上午08:00至2025年5月12日下午17:00（北京时间，节假日除外，下同）。4.2 招标文件每套售价：800元，招标文件售后不退。5．投标文件的递交5.1 递交截止时间：2025年5月27日9时00分整
2025-04-30,招标,https://www.zbytb.com/s-zb-57294426.html,陕西,咸阳市,项目报价: 100万元,"支护,煤业,煤炭,评估,华能煤业",华能煤业公司煤炭技术公司青岗坪煤矿多类型巷道地质力学评估及支护技术研究项目招标公告,"1. 招标条件本《华能煤业有限公司煤炭技术公司青岗坪煤矿多类型巷道地质力学评估及支护技术研究》项目已由项目审批机关批准，项目资金为企业自筹,招标人为华能煤炭技术研究有限公司。本项目已具备招标条件，现进行公开招标。2. 项目概况与招标范围2.1项目概况青岗坪煤矿目前回采巷道的顶底板和两帮都为煤层，开采过程中回采巷道（尤其邻空巷道）变形量较大，巷道维修工程量大，给矿井安全生产带来了隐患。结合当前支护现状，42110工作面回采巷道支护方案、区段煤柱尺寸、42107工作面回采巷道巷修方案、大巷开拓支护方案均有待进一步优化，为进一步提高支撑现场、服务一线的效率，充分利用行业内优势资源，拟采购一家科研协作单位开展巷道围岩地质力学评估，以保障项目顺利实施并达到预期目标。资金来源为技术公司承接的巷道支护服务项目。2.2采购范围开展青岗坪煤矿42110工作面回采巷道、采区上山、开拓巷道的围岩地质力学评估和巷道支护技术研究工作。具体采购内容如下：（一）42110工作面回采巷道围岩控制技术研究（1）巷道围岩地质力学评估开展巷道围岩物理力学参数测定、巷道围岩结构测试和地应力测试工作；巷道围岩物理力学参数（围岩密度、单轴抗拉强度、单轴抗压强度、变形模量、泊松比、粘聚力、内摩擦角和水理性质等）通过实验室煤岩样测试获得；巷道围岩结构通过钻孔窥视的方法进行测试；地应力通过小孔径水压致裂法进行测试。结合矿方生产地质条件和现场测试，开展巷道围岩地质力学评估。（2）采动应力下巷道围岩破坏调控机理研究明晰区段煤柱尺寸对邻空巷道围岩塑性区空间分布特征及高应力比值带的影响规律，以规避高应力比值带为核心，揭示邻空巷道围岩塑性区形态特征力学机制，获得采动应力下巷道围岩破坏调控机理，提出合理的区段煤柱尺寸。（3）锚杆锚索预紧力测试与支护构件匹配性研究针对42110工作面巷道围岩特点，在现场进行锚杆扭矩-预紧力转化试验和锚索预紧力损失试验，掌握42110工作面巷道围岩条件下锚杆预紧扭矩的转化效果和锚索预应力的损失程度及影响因素，为设计合理锚杆索的预紧力提供依据，提升支护系统主动支护能力。对矿井所用支护材料与关键支护构件进行匹配合理性分析，并对巷道关键支护材料与配套附属构件进行合理选择，使各构件力学性能与承载能力相匹配，提高支护材料强度利用系数，保证锚杆支护系统整体作用的发挥。（4）全煤动压巷道支护技术研究采用工程类比法，理论计算法和数值模拟法，确定42110工作面两顺槽（包括局部大断面和巷道交叉口区域）、大断面切眼以及开拓巷道的初始支护设计方案，包括巷道支护形式确定、支护参数设计、支护材料选取、特殊地段加固方案等。（5）不同采掘阶段全煤巷道矿压显现规律研究运用理论计算和数值模拟的研究方法，分析42110工作面两顺槽（包括局部大断面和巷道交叉口区域）、大断面切眼，分析42110运输顺槽（包括局部大断面和巷道交叉口区域）受工作面超前影响下的巷道变形破坏规律，分析42110回风顺槽（包括局部大断面和巷道交叉口区域）在本工作面超前影响下的巷道变形破坏规律，总结分析掘进阶段、一次采动、二次采动不同采掘阶段全煤巷道围岩变形破坏规律。（6）全生命周期巷道矿压监测分析在42110工作面两顺槽从掘进阶段开始安装矿压监测仪器，监测周期一直到42110工作面开采至二次见方，全过程实时分析巷道矿压数据，根据监测结果随时修正支护设计，总结得出巷道围岩在掘进和回采影响全生命阶段矿压规律，综合评估支护设计应用效果。（7）现场技术服务跟踪巷道围岩控制方案在现场应用情况，提供现场施工技术指导，定期评估试验巷道工况，协调矿方解决支护施工出现的问题。（二）采区上山修复技术研究针对一采区三条上山受软岩和两侧工作面采动应力叠加影响，巷道持续变形破坏的情况，开展现场围岩变形破坏素描，针对巷道交叉口、大断面、采动影响段等制定对应的巷道修复技术方案，确保巷道服务期间满足行人、安全、运输、通风等生产要求。（三）开拓巷道围岩控制技术研究根据青岗坪矿开拓计划，总结分析一采区上山变形破坏情况，厘清变形破坏机理，通过工程地质力学评估、数值模拟、支护强度理论计算等手段，提前开展后续开拓巷道支护技术方案编制。（四）组织不少于1次的以巷道支护、围岩控制为主题的培训，提高相关技术人员的技术和理论水平。（五）根据42110工作面设计，按照KA/T 11-2023《煤矿巷道矿山压力显现观测方法》规定，交付一套42110工作面巷道矿压监测系统，开展巷道矿压监测研究。（六）成果要求：完成2篇北大中文核心期刊或外文论文（SCI/EI检索）录用；申请专利6项，其中授权发明专利3项，受理发明专利3项；完成项目成果鉴定，并申报省部级科技奖励1项。上述成果第一完成人要求为华能集团在册员工。2.3项目需达成的最终成果2.3.1本课题针对青岗坪煤矿强动压巷道围岩控制开展研究：（1）给出42110工作面回采巷道围岩控制技术参数。1）得出42110工作面4-2煤及顶底板煤岩物理力学参数；2）获得4-2煤1盘区地应力分布特征；3）确定合理的区段煤柱尺寸；4）给出42110工作面回采巷道初始支护设计及后续优化设计。（2）提出采区上山修复技术方案，编制三条采区上山巷道修复技术方案。（3）提出开拓巷道支护技术参数，编制开拓巷道支护技术方案。2.3.2 完成2篇北大中文核心期刊或外文论文（SCI/EI检索）录用；申请专利7项，其中授权发明专利3项，受理发明专利4项，论文与专利成果第一完成人要求为华能集团在册员工；完成项目成果鉴定，并申报省部级科技奖励1项，第一完成单位为中国华能集团有限公司，完成人具体排名由华能煤炭技术公司协商确定。规模：在青岗坪煤矿开展巷道与区段煤柱地质力学评估及巷道支护技术咨询服务。服务期：36个月。3. 投标人资格要求3.1 通用资格条件3.1.1 投标人为中华人民共和国境内合法注册的独立法人或其他组织，具有独立承担民事责任能力，具有独立订立合同的权利。3.1.2 投标人财务、信誉等方面应具备下列条件：(1) 没有处于被行政主管部门责令停产、停业或进入破产程序；(2) 没有处于行政主管部门或中国华能集团有限公司系统内单位相关文件确认的禁止投标的范围和处罚期间内；(3) 在信用中国网站近三年没有串通投标或骗取中标或严重违约处罚记录，没有经有关部门认定的因其服务引起的重大及以上质量事故或重大及以上安全事故；(4) 未被市场监督管理部门在全国企业信用信息公示系统中列入经营异常名录或者严重违法企业名单；(5) 未被最高人民法院在“信用中国”网站或各级信用信息共享平台中列入失信被执行人名单。(6) 与招标人存在利害关系可能影响招标公正性的法人、其他组织或者个人，不得参加投标；单位负责人为同一人或者存在控股、管理关系的不同单位，不得参加同一标段投标或者未划分标段的同一招标项目投标。3.2 专用资格条件3.2.1 业绩要求：投标人自2020年1月1日起(以合同签订时间为准)，须具有不少于1项单项合同金额不低于100万元的煤矿综放工作面开采或巷道支护技术研究项目业绩，需提供相关证明材料（提供合同业绩扫描件，须包含合同首页、业绩内容证明页、签字盖章页等内容，并同时提供结算增值税发票或阶段性收付款发票（事业单位可提供拨款凭证），否则该业绩按无效业绩处理）。3.2.2 项目负责人要求：①具有高级技术职称，并提职称证书影印件；②2020年1月1日起(以合同签订时间为准)，承担不少于1项煤矿综放工作面开采或巷道支护技术研究项目业绩，需提供相关证明材料（提供合同业绩扫描件，须包含合同首页、业绩内容证明页、签字盖章页等内容，并同时提供结算增值税发票或阶段性收付款发票（事业单位可提供拨款凭证），否则该业绩按无效业绩处理），若合同中无项目负责人姓名，须提供对应的验收证明或用户证明等有盖章的证明材料（须含项目名称、项目负责人及单位名称）；③须提供2024年6月以来至少三个月本单位连续缴纳的社保证明或劳动合同。3.2.3本项目不允许联合体投标。【业绩证明材料提供须知】：业绩证明材料以投标文件里加盖公章的合同复印件及对应发票为准。①合同复印件须至少包含：合同首页、签订时间、签字盖章页、能体现服务内容等关键页，否则视为无效业绩；②每份合同业绩须对应提供至少一张增值税发票（可以是阶段性收付款发票）扫描件，至少包含：发票代码、发票号码、开票日期、不含税金额，须清晰可查，且发票内容须能对应项目名称或合同约定进度款项，否则按无效认定；发票在国家税务总局全国增值税发票查验平台查询无结果的，按无效认定。③项目负责人的业绩扫描件内，须能体现其为业绩合同的项目负责人（或联系人），或提供投标人出具的验收证明、用户证明、委任书等佐证材料，否则视为项目负责人的无效业绩。4. 招标文件的获取获取时间：从2025年4月30日9:00起至2025年5月9日17:00止。"
2025-04-30,招标,https://www.zbytb.com/s-zb-57271373.html,陕西,咸阳市,资质: 工程设计综合资质甲级,"管理平台,装备,5G,装备制造,智慧管理",咸阳市装备制造产业园5G示范产业园智慧管理平台(一期)建设项目EPC总承包招标公告,"1.招标条件本招标项目咸阳市装备制造产业园5G示范产业园智慧管理平台（一期）建设项目EPC总承包已由咸阳市秦都区发展和改革局以咸秦发改〔2023〕173号批准建设，招标人(项目业主)为咸阳市装备制造产业园管理委员会，建设资金来自自筹和财政，项目出资比例为国有资金100.00%。项目已具备招标条件，现对该项目进行公开招标，特邀请有意愿的潜在投标人（以下简称申请人）提出资格预审申请。2.项目概况与招标范围2.1 建设地点：咸阳市装备制造产业园内；2.2 工程规模：应用支撑平台建设；应用支撑平台建设包括：物联网平台建设、GIS平台建设、大数据平台建设；应用系统建设；应用系统建设包括：智慧园区系统、综合能源管理系统、智慧工地系统、企业服务平台、硬件需求；指挥中心建设；机房建设；网络建设；园区5G 建设等；2.3 项目投资总额：83740000元，（其中本次招标工程估算82405800元）；2.4 计划工期：365日历天；2.5 标段划分：标段1:  标段名称: 咸阳市装备制造产业园5G示范产业园智慧管理平台（一期）建设项目EPC总承包;标段编号: E6104003516wnabqmtnm001;标段类型: EPC;；2.6 招标范围：标段1:完成本项目的施工图设计、采购、施工以及工程总承包管理，直至竣工验收合格并整体移交、工程保修期内的缺陷修复和保修工作，同时承担相关协调工作。；2.7 其他：本次资格预审采用有限数量制，限7家。3.申请人资格要求3.1 标段名称：咸阳市装备制造产业园5G示范产业园智慧管理平台（一期）建设项目EPC总承包：本次资格预审要求申请人具备【工程设计综合资质甲级】及以上,或【电子通信广电行业设计甲级】及以上,或【电子通信广电行业（电子系统工程）专业设计甲级】及以上,或【建筑智能化系统设计专项甲级】及以上资质，并在人员、设备、资金等方面具备相应的设计采购施工总承包能力。其中，投标人拟派项目负责人具备【机电一级注册建造师】及以上,或【注册一级建造师·通信与广电工程】及以上执业资格，有效的安全生产考核合格证书，且项目负责人未担任其他在建工程的工程总承包项目经理及施工项目负责人 。申请人须具有独立法人资格，具备合格有效的营业执照，并在人员、设备、资金等方面具备相应的设计采购施工总承包能力；。3.2标段名称：咸阳市装备制造产业园5G示范产业园智慧管理平台（一期）建设项目EPC总承包： 本次资格预审接受联合体资格预审申请。3.3 各投标人均可就本招标项目上述标段中的 1  个标段投标，但最多允许中标   1                                    个标段 （适用于分标段的招标项目）。3.4 3.4.1申请人须具有独立法人资格，具备合格有效的营业执照，并在人员、设备、资金等方面具备相应的设计采购施工总承包能力；3.4.2申请人需同时满足以下设计及施工资质：①设计资质：具备【工程设计综合资质甲级】或【工程设计电子通信广电行业设计甲级】及以上或【工程设计电子通信广电行业（电子系统工程）专业设计甲级】及以上或【工程设计电子通信广电行业(通信工程)专业甲级】及以上或【工程设计电子通信广电行业(有线通信、无线通信)专业甲级】及以上或【工程设计建筑智能化系统专项甲级】及以上资质②施工资质：具备【通信工程施工总承包一级资质】及以上或【电子与智能化工程专业承包一级资质】及以上资质，且具备有效的安全生产许可证；其中项目负责人具备【机电工程或通信与广电工程专业】注册一级建造师执业资格和有效的安全生产考核合格证书，且项目负责人未担任其他在建工程的工程总承包项目经理及施工项目负责人。3.4.3拟派施工负责人具备【机电工程或通信与广电工程专业】注册一级建造师执业资格和有效的安全生产考核合格证书，且未担任其他在建工程的施工负责人或项目经理。3.4.4拟派设计负责人须具备【通信或机电工程或信息化相关专业】高级及以上职称。3.4.5拟派项目负责人可与施工负责人或设计负责人为同一人，但须满足相应资格要求。3.4.6申请人（含联合体各成员方）及拟派项目负责人、施工负责人基本信息须可查询，外省企业须入陕备案。3.4.7申请人（含联合体各成员方）未被列为经营异常名录（列入异常后移出除外）、失信被执行人、重大税收违法失信主体，以“信用中国”网站（http://www.creditchina.gov. cn/）下载信用信息报告为准；在“国家企业信用信息公示系统”（ www.gsxt.gov.cn）中未被列入严重违法失信企业名单；                                                     3.4.8本次资格预审接受联合体资格预审申请。4.资格预审方式本次资格预审采用 有限数量制。5.资审文件的获取5.1 请于2025-04-30 08:30起至2025-05-09 18:00……下载资审文件。"
2025-04-30,招标,https://www.zbytb.com/s-zb-57298240.html,陕西,咸阳市,陕西 » 咸阳市,"天然气工程,人保财险,然气工程,咸阳市,天然气",人保财险陕西省咸阳市武功支公司天然气工程采购的公示招标公告,名称：中国人民财产保****公司****公司天然气采购项目二、单一来源供应商###县玉祥****公司公示日期：自公示发布之日起3个工作日内。任何单位或个人如对以上项目采用单一来源采购方式有异议，请在公示期间以书面形式进行反馈。联系电话：联系邮箱：       中国人民财产保险股份有限公###市分公...
2025-04-30,招标,https://www.zbytb.com/s-zb-57283672.html,陕西,咸阳市,陕西 » 咸阳市,"二氧化碳,二氧化,氧化碳,川庆,二氧",咸阳川庆鑫源工程技术有限公司二氧化碳采购项目招标公告,
2025-04-30,招标,https://www.zbytb.com/s-zb-57274135.html,陕西,咸阳市,陕西 » 咸阳市,"水泵电机,泵电机,电机,水泵,水泵电机大修",水泵电机大修(五次公告)采购公告,一、标段（包）名称：水泵电机大修（五次公告）二、标段（包）编号：(请登录)三、采购方式：询比采购四、采购人（采购组织人）：彬州国祯水处理有限公司五、代理机构： 无六、项目概况：（一）资金来源：自筹（二）项目概况：20000七、服务内容：2025年电机维修八、服务主要技术要求：原设备功率，纯铜线缆九、服务工期或期限要求：彬州市十、服务地点要求：合同签订后一年十一、对供应商的资格要求：符合采购文件要求十二、资格审查方式：资格后审十三、采购文件的获取：（一）采购文件获取时间：2025年04月30日  到  2025年05月08日23时59分
2025-04-30,招标,https://www.zbytb.com/s-zb-57300029.html,陕西,咸阳市,资质: 消防设施工程专业承包二级,"消防设施维修,消防设施,设施维修,维修维护",宜药印务消防设施维修维护项目询比采购公告,"一、招标条件本 宜药印务消防设施维修维护项目已由项目审批/核准/备案机关批准，项目资金来源为 企业自筹，招标人为 天津宜药印务有限公司。本项目已具备招标条件，现招标方式为 其他方式。二、项目概况和招标范围规模： 宜药印务有限公司厂区面积13712平米，涉及包括保安室、综合楼、联合厂房共计3座建筑物，现对厂区整体的消防设施维修维护工作统一外包。具体内容详见造价清单范围：本招标项目划分为 1个标段，本次招标为其中的：(001)宜药印务消防设施维修维护项目三、投标人资格要求宜药印务消防设施维修维护项目该标段（包）中投标人资格能力要求 ：1．供应商须在中华人民共和国注册的，具备独立法人资格，且营业执照在有效期内，提供营业执照复印件（加盖公章）。2．供应商具有消防设施工程专业承包二级及以上资质，证书在有效期内，提供资质证书副本复印件(加盖公章)。3．有效期内的安全生产许可证，提供证书复印件(加盖公章)4．本项目应配备：正项目经理1名，应具有建设行政主管部门颁发的机电工程二级及以上注册建造师证书及《建筑施工企业项目负责人安全生产考核合格证书》，出具任命书并提供证书副本复印件(加盖公章)。注：若提供一级注册建造师证书，请提供电子证书，纸质注册证书作废。提供的建造师证书应为有效的经本人手写签字的电子注册证书复印件，否则按废标处理。5．具备依法缴纳税收和社会保障款项的良好记录，提供响应截止时间前6个月内任意一个月的完税证明和社保缴存记录复印件加盖公章（依法免缴的，应提供依法免缴的相关证明文件）。6．具有良好的商业信誉和健全的财务会计制度，提供经第三方会计师事务所审计的2023年度或2024年度企业财务报告或提交响应文件截止前3个月以内银行出具的资信证明复印件（加盖公章）。7．对列入失信被执行人名单的投标人，拒绝其参与投标活动。提供""信用中国""平台未列入失信被执行人名单的查询结果，加盖公章。招标人或招标代理机构于响应截止时间前2日内网上核验，查询结果如与供应商提交的不一致，以开启会议当天查询结果为准。8．供应商法定代表人/负责人为同一人的两个及两个以上法人/其他组织，或者存在控股或被控股、管理关系的两个及两个以上法人/其他组织，不得参加同一标段投标或者未划分标段的同一项目投标。提供从""国家企业信用信息公示系统""提取的企业信用信息公示报告复印件或网页截图（加盖公章），必须包含首页、股东及出资信息部分内容。开标前2日内网上核验，如与投标人提供的查询结果不一致，以评审当日查询结果为准。若为事业单位、系统无法查询的请提供承诺书并说明情况（加盖公章）。9．投标人若为法定代表人投标，须提供法定代表人资格证明书加盖公章和法定代表人身份证；若为被授权人投标，须提供法定代表人资格证明书、授权委托书加盖公章（需由法定代表人签字或盖章）、被授权人身份证及被授权委托人近6个月连续三个月的社会保险证明复印件加盖公章。本项目不允许 联合体投标。四、招标文件的获取获取时间： 2025年04月30日09时00分 --- 2025年05月07日16时00分采购文件售价为300元/本"
2025-04-30,招标,https://www.zbytb.com/s-zb-57284154.html,陕西,咸阳市,陕西 » 咸阳市,"玻璃,特种玻璃,系统恢复,动能,恢复",特种玻璃3#线动能系统恢复项目液氧采购项目公告,1 采购项目简介1.1 采购项目名称：陕西彩虹工业智能科技有限公司液氧采购1.2 采购项目编号：CH-21.3 采购人：陕西彩虹工业智能科技有限公司1.4 采购项目概况：陕西彩虹工业智能科技有限公司特种玻璃3#线动能系统恢复项目液氧采购2 采购范围及相关要求2.1 采购范围：液氧一批2.2 交货期：接到送货通知3天内2.3 交货地点：陕西省咸阳市玉泉西路陕西彩虹电子玻璃有限公司内2.4 货物质量标准或主要技术性能指标：详见招标文件3 供应商资格要求3.1本次招标要求投标人具备1）合法有效的企业营业执照。2）具有有效的安全生产许可证。3）信用中国网站无不良资信。4）具备类似项目业绩。5）质量、职业健康、环境管理体系证书（生产单位）6）液氧产品检测报告7）道路运输许可证8）每车必须有随车质检单9）危化品经营许可证3.2必须满足《中华人民共和国政府采购法》二十二条之（一）具有独立承担民事责任的能力；（二）具有良好的商业信誉和健全的财务会计制度；（三）具有履行合同所必需的设备和专业技术能力；（四）有依法缴纳税收和社会保障资金的良好记录；（五）参加采购活动前三年内，在经营活动中没有重大违法记录；（六）法律、行政法规规定的其他条件。3.3本项目不接受联合体投标。4 供应商申请(请登录)5 采购文件的获取5.1 采购文件下载时间：2025-04-30 15：00 ～ 2025-05-08  15：00
2025-04-30,招标,https://www.zbytb.com/s-zb-57274508.html,陕西,咸阳市,项目报价: 56470元,"网片,防护围栏,围栏,西北农林科技大学,中铁三局",中铁三局集团建安公司西北农林科技大学北校区19号学生公寓项目网片式工具化防护围栏竞争性谈判采购谈判公告,"2.项目概况与公开竞争性谈判内容2.1项目概况：本工程合同总价为56469.568987万元。西北农林科技大学北校区19号学生公寓项目工程，项目位于陕西省咸阳市杨陵区农科路与孟杨路十字东南角(树德路与西环路十字东南角)。总建筑面积104480平方米，剪力墙结构，地上13层（局部11层），地下1层，建筑高度51.3米。主要建设内容为学生公寓、地下车库以及配建人防、设备用房等。公寓主楼分为A楼和B楼，A楼地下二层，其中一层为2米高设备夹层；B楼地下一层，功能为空腔。地上主要建筑功能为学生公寓，结构类型为剪力墙结构。。地下车库结构类型为钢筋混凝土框架结构，地下1层。主要建筑功能为停车库及人防人员掩蔽所。地基基础设计等级为丙级项目施工内容含建筑、结构、电气、给排水、采暖、智能化、消防、室内装修等专业及电梯工程、室外工程（不含景绿）等施工图纸涉及的所有内容。2.2竞标内容：物资名称、包件划分、交货地点等详见公告附表。3.公开竞争性谈判方式采用公开竞争性谈判采购，本次公开竞争性谈判在中铁电子采购商务平台（鲁班平台）进行。4.竞标人资格要求本次公开竞争性谈判对竞标人资格的要求：4.1.1营业范围：竞标人为中华人民共和国依法注册，具有独立法人资格, 能够独立承担民事责任的法人组织，并且具有合法、有效的营业执照等相关资料；符合公开竞争性谈判物资经营范围的生产商、代理商或经销商。4.1.2生产能力：能满足项目月供数量。4.1.3财务状况：竞标人注册资金须达到300万元人民币及以上，竞标人具有良好的财务状况，能提供2022年至2024年至少其中一年的正规会计师事务所审计的审计报告及附表，如无审计报告，可出具本公司的财务报表。必须包含1、资产负债表2、利润表3、现金流量表。4.1.4质量保证能力：产品质量须符合中铁三局集团有限公司《安防设施及标准工装设计图册（第二版）》（TSAFB-2023）要求。4.1.5供货业绩：不作要求。4.1.6履约信用：具有良好的社会信誉，不存在因信用评价、或抽样检验、或招竞标、或物资供应中存在不良问题被限制竞标的情况；近期没有在其他项目物资竞标中提供虚假材料或违规违纪处于被取消竞标资格状态的竞标人；近两年（2022、2023年）内没有与骗取合同有关的犯罪或严重违法行为而引起的诉讼和仲裁；近两年（2022、2023年）不曾在合同中严重违约或被逐；财产未被接管或冻结，企业未处于禁止或取消竞标状态。竞标人需在公开竞争性谈判响应文件中出具“信用中国”网站（网址：www.creditchina.gov.cn）查询结果页面截屏并盖竞标人公章。4.2本次公开竞争性谈判资格审查方式采用资格后审的方式；不接受联合体竞标；法定代表人为同一个人的两个及两个以上法人，母公司、全资子公司及其控股公司，都不得在本次公开竞争性谈判中同时竞标。4.3其它：①被中国国家铁路集团有限公司、中国中铁股份有限公司、中铁三局集团有限公司列入限制交易名单的竞标人禁止参与本次竞标采购活动；②不同竞标人在同一包件内竞标时，存在相同联系人、相同联系方式同一高级管理人员或存在控股关系、名理关系的，下载竞标文件 IP 地址相同，上传竞标文件 IP地址相同、竞标保证金从同一账户转出等情况的一律按围标串标处置，作废标处理，并列入中铁三局集团有限公司限制交易名单；同时扣除竞标人缴纳的竞标保正金(最高不超过10 万元)；③竞标人所提供的重要资质与证明资料扫描件必须为资料原件原色扫描件，所有资料均须加盖公章，在正本中体现即可，否则其竞标文件将会被否决。竞标人提供的竞标文件经评标委员会认定属于使用虚假材料的，作废标处理，并列入中铁三局集团有限公司限制交易名单，同时扣除竞标人缴纳的竞标保证金（最高不超过10万元）。5.公开竞争性谈判文件的获取5.1请于2025年4月30日至2025年5月4日（法定公休日、法定节假日正常工作……下载公开竞争性谈判文件。"
2025-04-30,招标,https://www.zbytb.com/s-zb-57280217.html,陕西,咸阳市,项目报价: 20万元,"孵化器,铝板,中国电建水电三局,中国电建,水电三局",中国电建水电三局制安分局水电三局咸阳高新数字孵化器建设项目EPC总承包大屏铝板采购项目竞价公告,"一、竞价条件受中国水利水电第三工程局有限公司制造安装公司（以下简称“采购人”）以竞价采购方式采购一批大屏铝板，用于咸阳基础装修和幕墙装饰工程项目的幕墙装饰使用，项目资金已落实，计划使用项目自有资金进行本次招标后所签订合同的支付。二、项目概况1、项目概况：咸阳基础装修和幕墙装饰工程项目，位于星火大道以南，高科四路以东，高科三路创业广场以西，科技大道以北区域。项目总占地面积20000m2，总建筑面积约18833.39m2。主要建设内容：数字孵化器展览馆项目为4层中型展览建筑，圆形，全钢结构，中庭部分为单层网壳结构，建筑高度27.4m，其中一层层高11m，二层层高6m，三层层高4.8m，四层层高5.5m。地上一至三层为展厅及产品展示区、配套办公等附属功能，地上四层为仿古建筑的小型商铺。三、报价人资格要求1、报价响应人为制造单位的，必须是依照中华人民共和国法律设立并在中华人民共和国境内登记注册的独立法人，具有有效期内的质量管理体系认证证书。2、报价响应人为代理商的，必须是依照中华人民共和国法律设立，并在中华人民共和国境内登记注册的独立法人，需持有制造单位的授权委托书，且其代理的制造单位须满足第1条生产厂家资格条件的要求（提供相关证明材料）。3、报价响应人应具有与本次报价产品相同或相近技术能力设备的供货业绩，在近3年内（2022年至今）的供货合同不少于1个，且签订单项合同金额均在20万元以上（附合同扫描件合同金额明晰可辨，并附每份合同对应发票扫描件）。4、报价人具有良好的银行资信和商业信誉，没有处于被责令停业，财产被接管、冻结、破产状态。5、报价人须为增值税一般纳税人，具有开具增值税专用发票的能力。6、供应商必须是“中国电建集中采购平台”合格供应商。7、本次招标不接受联合体投标。制造单位不得与其销售公司、代理商同时参加本次投标，生制造单位的多家销售公司可以同时参标，获得多家制造单位授权的代理商可同时参加。8、提供近3年(2021年-2023年)第三方财务审计报告。9、报价人不存在《中华人民共和国招标投标法》、《中华人民共和国招标投标法实施条例》禁止投标的情形。10、资产负债结构合理，具备一定的盈利能力，企业的现金流表现正常，资金周转不存在困难。11、在《全国企业信用信息公示系统》无经营异常名录信息和严重违法失信企业名单（黑名单）信息；12、报价响应人不存在违规违法、禁止报价的情形。四、需求一览表序号名称规格型号单位数量交货日期交货地点备注1幕墙铝板3mm穿孔铝板，白色氟碳喷涂㎡765.47接到备货通知单7天内到货陕西省咸阳市秦都区水电三局基础装修和幕墙装饰工程项目项目现场2幕墙铝板3mm铝板，白色氟碳喷涂㎡327.59注：1、投标单位必须提供成品铝板材料复检报告2、成品铝板价到货卸车由投标单位单位负责。本次招标数量仅为估算量，以实际工程需求供应，询比价文件需求一览表中的数量仅作为投标报价时的计价依据，不作为最终结算量。合同签订采购方与成交人签订供货合同时将进一步明确供应品种、规格、数量和品牌。本次招标数量与合同中数量可能存在差异，均以现场实际交货验收合格数量为准，该数量与合同数量也可能将存在差异,成交人不得因此向招标人及合同签订买方提出任何补偿要求。若因政府投资计划、征地拆迁、设计变更等原因，致使投资规模、工程量或供货品种、供货时间发生较大规模改变，采购量及采购品种相应调整；因业主及设计方对建设项目的调整或实际施工影响造成的规格型号、数量等变更，报价人必须无条件接受招标人与合同签订方对询比价函及合同范围内实际需求量的调整。标的物主要技术指标及执行标准：各种规格、型号均达到国家及行业标准。五、采购方式本次竞价为整体采购，采用两次报价方式，竞价响应供应商报价时须写明单价及总价、产品的详细配置参数，报价包含货物制造、运输、装卸、安装、售后服务等交付采购人使用前所有可能发生的费用，确定成交供应商不再增补任何费用。六、竞价文件的获取1、凡满足本公告规定的潜在报价人资格要求并有意参加投标报价者，请于2025年05月06日17时00分前……获取询比价文件"
